-1.7843650441018428e-15,0.0,-8.526300524745476e-16,0.0,0.0,0.0,-1.3015156256415067e-15,0.0,0.0,0.0,0.0,0.0,0.0,-4.0002830378982404e-16,1.4725383063043326e-15,0.0,1.3296278051073173e-15,1.9448083234881996e-16,-4.4263018071327873e-16,-1.0267204784060124e-15,1.8228270552898892e-15,0.0,0.0,0.0,-1.8276019330388764e-15,9.943184040856771e-16,5.388646308291636e-17,0.0,0.0,0.0,0.0,0.0,0.0,1.4064955554106004e-15,-1.8368389418601643e-15,0.0,0.0,-7.773522907084972e-16,0.0,-7.361713754644988e-16,-2.0817911704041025e-16,0.0,-1.5096435869613681e-15,0.0,0.0,-1.1424368798172214e-15,0.0,2.0342865110985026e-15,2.2986108716724373e-16,4.614904362025021e-16,-2.1150612125400225e-16,-6.269427309715666e-16,0.0,0.0,0.0,-5.332427993993168e-16,0.0,0.0,0.0,0.0,5.524483041686934e-16,-5.621223344619181e-16,0.0,0.0,-1.238435073180072e-15,7.318858293193973e-16,-6.816980443302368e-16,-2.2710858899035443e-15,0.0,-1.3254230772196954e-17,0.0,-1.4422869891220153e-15,0.0,0.0,-5.896334169970397e-16,1.985895677192068e-15,0.0,0.0,0.0,4.1464565621985865e-16,1.7741395938669778e-15,0.0,0.0,-9.927083571114196e-16,1.3897993984283865e-15,0.0,0.0,0.0,0.0,0.0,0.0,-9.49712759477899e-16,5.689075772111608e-16,0.0,-3.2772952976450785e-16,0.0,-9.732295773356037e-16,0.0,0.0,0.0
-1.7843650441018428e-15,0.0,-8.526300524745476e-16,0.0,0.0,0.0,-1.3015156256415067e-15,0.0,0.0,0.0,0.0,0.0,0.0,-4.0002830378982404e-16,1.4725383063043326e-15,0.0,1.3296278051073173e-15,1.9448083234881996e-16,-4.4263018071327873e-16,-1.0267204784060124e-15,1.8228270552898892e-15,0.0,0.0,0.0,-1.8276019330388764e-15,9.943184040856771e-16,5.388646308291636e-17,0.0,0.0,0.0,0.0,0.0,0.0,1.4064955554106004e-15,-1.8368389418601643e-15,0.0,0.0,-7.773522907084972e-16,0.0,-7.361713754644988e-16,-2.0817911704041025e-16,0.0,-1.5096435869613681e-15,0.0,0.0,-1.1424368798172214e-15,0.0,2.0342865110985026e-15,2.2986108716724373e-16,4.614904362025021e-16,-2.1150612125400225e-16,-6.269427309715666e-16,0.0,0.0,0.0,-5.332427993993168e-16,0.0,0.0,0.0,0.0,5.524483041686934e-16,-5.621223344619181e-16,0.0,0.0,-1.238435073180072e-15,7.318858293193973e-16,-6.816980443302368e-16,-2.2710858899035443e-15,0.0,-1.3254230772196954e-17,0.0,-1.4422869891220153e-15,0.0,0.0,-5.896334169970397e-16,1.985895677192068e-15,0.0,0.0,0.0,4.1464565621985865e-16,1.7741395938669778e-15,0.0,0.0,-9.927083571114196e-16,1.3897993984283865e-15,0.0,0.0,0.0,0.0,0.0,0.0,-9.49712759477899e-16,5.689075772111608e-16,0.0,-3.2772952976450785e-16,0.0,-9.732295773356037e-16,0.0,0.0,0.0
1.7843650441018428e-15,0.0,8.526300524745476e-16,0.0,0.0,0.0,1.3015156256415067e-15,0.0,0.0,0.0,0.0,0.0,0.0,4.0002830378982404e-16,-1.4725383063043326e-15,0.0,-1.3296278051073173e-15,-1.9448083234881996e-16,4.4263018071327873e-16,1.0267204784060124e-15,-1.8228270552898892e-15,0.0,0.0,0.0,1.8276019330388764e-15,-9.943184040856771e-16,-5.388646308291636e-17,0.0,0.0,0.0,0.0,0.0,0.0,-1.4064955554106004e-15,1.8368389418601643e-15,0.0,0.0,7.773522907084972e-16,0.0,7.361713754644988e-16,2.0817911704041025e-16,0.0,1.5096435869613681e-15,0.0,0.0,1.1424368798172214e-15,0.0,-2.0342865110985026e-15,-2.2986108716724373e-16,-4.614904362025021e-16,2.1150612125400225e-16,6.269427309715666e-16,0.0,0.0,0.0,5.332427993993168e-16,0.0,0.0,0.0,0.0,-5.524483041686934e-16,5.621223344619181e-16,0.0,0.0,1.238435073180072e-15,-7.318858293193973e-16,6.816980443302368e-16,2.2710858899035443e-15,0.0,1.3254230772196954e-17,0.0,1.4422869891220153e-15,0.0,0.0,5.896334169970397e-16,-1.985895677192068e-15,0.0,0.0,0.0,-4.1464565621985865e-16,-1.7741395938669778e-15,0.0,0.0,9.927083571114196e-16,-1.3897993984283865e-15,0.0,0.0,0.0,0.0,0.0,0.0,9.49712759477899e-16,-5.689075772111608e-16,0.0,3.2772952976450785e-16,0.0,9.732295773356037e-16,0.0,0.0,0.0
1.7843650441018428e-15,0.0,8.526300524745476e-16,0.0,0.0,0.0,1.3015156256415067e-15,0.0,0.0,0.0,0.0,0.0,0.0,4.0002830378982404e-16,-1.4725383063043326e-15,0.0,-1.3296278051073173e-15,-1.9448083234881996e-16,4.4263018071327873e-16,1.0267204784060124e-15,-1.8228270552898892e-15,0.0,0.0,0.0,1.8276019330388764e-15,-9.943184040856771e-16,-5.388646308291636e-17,0.0,0.0,0.0,0.0,0.0,0.0,-1.4064955554106004e-15,1.8368389418601643e-15,0.0,0.0,7.773522907084972e-16,0.0,7.361713754644988e-16,2.0817911704041025e-16,0.0,1.5096435869613681e-15,0.0,0.0,1.1424368798172214e-15,0.0,-2.0342865110985026e-15,-2.2986108716724373e-16,-4.614904362025021e-16,2.1150612125400225e-16,6.269427309715666e-16,0.0,0.0,0.0,5.332427993993168e-16,0.0,0.0,0.0,0.0,-5.524483041686934e-16,5.621223344619181e-16,0.0,0.0,1.238435073180072e-15,-7.318858293193973e-16,6.816980443302368e-16,2.2710858899035443e-15,0.0,1.3254230772196954e-17,0.0,1.4422869891220153e-15,0.0,0.0,5.896334169970397e-16,-1.985895677192068e-15,0.0,0.0,0.0,-4.1464565621985865e-16,-1.7741395938669778e-15,0.0,0.0,9.927083571114196e-16,-1.3897993984283865e-15,0.0,0.0,0.0,0.0,0.0,0.0,9.49712759477899e-16,-5.689075772111608e-16,0.0,3.2772952976450785e-16,0.0,9.732295773356037e-16,0.0,0.0,0.0
-1.7843650441018428e-15,0.0,-8.526300524745476e-16,0.0,0.0,0.0,-1.3015156256415067e-15,0.0,0.0,0.0,0.0,0.0,0.0,-4.0002830378982404e-16,1.4725383063043326e-15,0.0,1.3296278051073173e-15,1.9448083234881996e-16,-4.4263018071327873e-16,-1.0267204784060124e-15,1.8228270552898892e-15,0.0,0.0,0.0,-1.8276019330388764e-15,9.943184040856771e-16,5.388646308291636e-17,0.0,0.0,0.0,0.0,0.0,0.0,1.4064955554106004e-15,-1.8368389418601643e-15,0.0,0.0,-7.773522907084972e-16,0.0,-7.361713754644988e-16,-2.0817911704041025e-16,0.0,-1.5096435869613681e-15,0.0,0.0,-1.1424368798172214e-15,0.0,2.0342865110985026e-15,2.2986108716724373e-16,4.614904362025021e-16,-2.1150612125400225e-16,-6.269427309715666e-16,0.0,0.0,0.0,-5.332427993993168e-16,0.0,0.0,0.0,0.0,5.524483041686934e-16,-5.621223344619181e-16,0.0,0.0,-1.238435073180072e-15,7.318858293193973e-16,-6.816980443302368e-16,-2.2710858899035443e-15,0.0,-1.3254230772196954e-17,0.0,-1.4422869891220153e-15,0.0,0.0,-5.896334169970397e-16,1.985895677192068e-15,0.0,0.0,0.0,4.1464565621985865e-16,1.7741395938669778e-15,0.0,0.0,-9.927083571114196e-16,1.3897993984283865e-15,0.0,0.0,0.0,0.0,0.0,0.0,-9.49712759477899e-16,5.689075772111608e-16,0.0,-3.2772952976450785e-16,0.0,-9.732295773356037e-16,0.0,0.0,0.0
-1.7843650441018428e-15,0.0,-8.526300524745476e-16,0.0,0.0,0.0,-1.3015156256415067e-15,0.0,0.0,0.0,0.0,0.0,0.0,-4.0002830378982404e-16,1.4725383063043326e-15,0.0,1.3296278051073173e-15,1.9448083234881996e-16,-4.4263018071327873e-16,-1.0267204784060124e-15,1.8228270552898892e-15,0.0,0.0,0.0,-1.8276019330388764e-15,9.943184040856771e-16,5.388646308291636e-17,0.0,0.0,0.0,0.0,0.0,0.0,1.4064955554106004e-15,-1.8368389418601643e-15,0.0,0.0,-7.773522907084972e-16,0.0,-7.361713754644988e-16,-2.0817911704041025e-16,0.0,-1.5096435869613681e-15,0.0,0.0,-1.1424368798172214e-15,0.0,2.0342865110985026e-15,2.2986108716724373e-16,4.614904362025021e-16,-2.1150612125400225e-16,-6.269427309715666e-16,0.0,0.0,0.0,-5.332427993993168e-16,0.0,0.0,0.0,0.0,5.524483041686934e-16,-5.621223344619181e-16,0.0,0.0,-1.238435073180072e-15,7.318858293193973e-16,-6.816980443302368e-16,-2.2710858899035443e-15,0.0,-1.3254230772196954e-17,0.0,-1.4422869891220153e-15,0.0,0.0,-5.896334169970397e-16,1.985895677192068e-15,0.0,0.0,0.0,4.1464565621985865e-16,1.7741395938669778e-15,0.0,0.0,-9.927083571114196e-16,1.3897993984283865e-15,0.0,0.0,0.0,0.0,0.0,0.0,-9.49712759477899e-16,5.689075772111608e-16,0.0,-3.2772952976450785e-16,0.0,-9.732295773356037e-16,0.0,0.0,0.0
1.7843650441018428e-15,0.0,8.526300524745476e-16,0.0,0.0,0.0,1.3015156256415067e-15,0.0,0.0,0.0,0.0,0.0,0.0,4.0002830378982404e-16,-1.4725383063043326e-15,0.0,-1.3296278051073173e-15,-1.9448083234881996e-16,4.4263018071327873e-16,1.0267204784060124e-15,-1.8228270552898892e-15,0.0,0.0,0.0,1.8276019330388764e-15,-9.943184040856771e-16,-5.388646308291636e-17,0.0,0.0,0.0,0.0,0.0,0.0,-1.4064955554106004e-15,1.8368389418601643e-15,0.0,0.0,7.773522907084972e-16,0.0,7.361713754644988e-16,2.0817911704041025e-16,0.0,1.5096435869613681e-15,0.0,0.0,1.1424368798172214e-15,0.0,-2.0342865110985026e-15,-2.2986108716724373e-16,-4.614904362025021e-16,2.1150612125400225e-16,6.269427309715666e-16,0.0,0.0,0.0,5.332427993993168e-16,0.0,0.0,0.0,0.0,-5.524483041686934e-16,5.621223344619181e-16,0.0,0.0,1.238435073180072e-15,-7.318858293193973e-16,6.816980443302368e-16,2.2710858899035443e-15,0.0,1.3254230772196954e-17,0.0,1.4422869891220153e-15,0.0,0.0,5.896334169970397e-16,-1.985895677192068e-15,0.0,0.0,0.0,-4.1464565621985865e-16,-1.7741395938669778e-15,0.0,0.0,9.927083571114196e-16,-1.3897993984283865e-15,0.0,0.0,0.0,0.0,0.0,0.0,9.49712759477899e-16,-5.689075772111608e-16,0.0,3.2772952976450785e-16,0.0,9.732295773356037e-16,0.0,0.0,0.0
-1.7843650441018428e-15,0.0,-8.526300524745476e-16,0.0,0.0,0.0,-1.3015156256415067e-15,0.0,0.0,0.0,0.0,0.0,0.0,-4.0002830378982404e-16,1.4725383063043326e-15,0.0,1.3296278051073173e-15,1.9448083234881996e-16,-4.4263018071327873e-16,-1.0267204784060124e-15,1.8228270552898892e-15,0.0,0.0,0.0,-1.8276019330388764e-15,9.943184040856771e-16,5.388646308291636e-17,0.0,0.0,0.0,0.0,0.0,0.0,1.4064955554106004e-15,-1.8368389418601643e-15,0.0,0.0,-7.773522907084972e-16,0.0,-7.361713754644988e-16,-2.0817911704041025e-16,0.0,-1.5096435869613681e-15,0.0,0.0,-1.1424368798172214e-15,0.0,2.0342865110985026e-15,2.2986108716724373e-16,4.614904362025021e-16,-2.1150612125400225e-16,-6.269427309715666e-16,0.0,0.0,0.0,-5.332427993993168e-16,0.0,0.0,0.0,0.0,5.524483041686934e-16,-5.621223344619181e-16,0.0,0.0,-1.238435073180072e-15,7.318858293193973e-16,-6.816980443302368e-16,-2.2710858899035443e-15,0.0,-1.3254230772196954e-17,0.0,-1.4422869891220153e-15,0.0,0.0,-5.896334169970397e-16,1.985895677192068e-15,0.0,0.0,0.0,4.1464565621985865e-16,1.7741395938669778e-15,0.0,0.0,-9.927083571114196e-16,1.3897993984283865e-15,0.0,0.0,0.0,0.0,0.0,0.0,-9.49712759477899e-16,5.689075772111608e-16,0.0,-3.2772952976450785e-16,0.0,-9.732295773356037e-16,0.0,0.0,0.0
1.7843650441018428e-15,0.0,8.526300524745476e-16,0.0,0.0,0.0,1.3015156256415067e-15,0.0,0.0,0.0,0.0,0.0,0.0,4.0002830378982404e-16,-1.4725383063043326e-15,0.0,-1.3296278051073173e-15,-1.9448083234881996e-16,4.4263018071327873e-16,1.0267204784060124e-15,-1.8228270552898892e-15,0.0,0.0,0.0,1.8276019330388764e-15,-9.943184040856771e-16,-5.388646308291636e-17,0.0,0.0,0.0,0.0,0.0,0.0,-1.4064955554106004e-15,1.8368389418601643e-15,0.0,0.0,7.773522907084972e-16,0.0,7.361713754644988e-16,2.0817911704041025e-16,0.0,1.5096435869613681e-15,0.0,0.0,1.1424368798172214e-15,0.0,-2.0342865110985026e-15,-2.2986108716724373e-16,-4.614904362025021e-16,2.1150612125400225e-16,6.269427309715666e-16,0.0,0.0,0.0,5.332427993993168e-16,0.0,0.0,0.0,0.0,-5.524483041686934e-16,5.621223344619181e-16,0.0,0.0,1.238435073180072e-15,-7.318858293193973e-16,6.816980443302368e-16,2.2710858899035443e-15,0.0,1.3254230772196954e-17,0.0,1.4422869891220153e-15,0.0,0.0,5.896334169970397e-16,-1.985895677192068e-15,0.0,0.0,0.0,-4.1464565621985865e-16,-1.7741395938669778e-15,0.0,0.0,9.927083571114196e-16,-1.3897993984283865e-15,0.0,0.0,0.0,0.0,0.0,0.0,9.49712759477899e-16,-5.689075772111608e-16,0.0,3.2772952976450785e-16,0.0,9.732295773356037e-16,0.0,0.0,0.0
1.7843650441018428e-15,0.0,8.526300524745476e-16,0.0,0.0,0.0,1.3015156256415067e-15,0.0,0.0,0.0,0.0,0.0,0.0,4.0002830378982404e-16,-1.4725383063043326e-15,0.0,-1.3296278051073173e-15,-1.9448083234881996e-16,4.4263018071327873e-16,1.0267204784060124e-15,-1.8228270552898892e-15,0.0,0.0,0.0,1.8276019330388764e-15,-9.943184040856771e-16,-5.388646308291636e-17,0.0,0.0,0.0,0.0,0.0,0.0,-1.4064955554106004e-15,1.8368389418601643e-15,0.0,0.0,7.773522907084972e-16,0.0,7.361713754644988e-16,2.0817911704041025e-16,0.0,1.5096435869613681e-15,0.0,0.0,1.1424368798172214e-15,0.0,-2.0342865110985026e-15,-2.2986108716724373e-16,-4.614904362025021e-16,2.1150612125400225e-16,6.269427309715666e-16,0.0,0.0,0.0,5.332427993993168e-16,0.0,0.0,0.0,0.0,-5.524483041686934e-16,5.621223344619181e-16,0.0,0.0,1.238435073180072e-15,-7.318858293193973e-16,6.816980443302368e-16,2.2710858899035443e-15,0.0,1.3254230772196954e-17,0.0,1.4422869891220153e-15,0.0,0.0,5.896334169970397e-16,-1.985895677192068e-15,0.0,0.0,0.0,-4.1464565621985865e-16,-1.7741395938669778e-15,0.0,0.0,9.927083571114196e-16,-1.3897993984283865e-15,0.0,0.0,0.0,0.0,0.0,0.0,9.49712759477899e-16,-5.689075772111608e-16,0.0,3.2772952976450785e-16,0.0,9.732295773356037e-16,0.0,0.0,0.0
-1.7843650441018428e-15,0.0,-8.526300524745476e-16,0.0,0.0,0.0,-1.3015156256415067e-15,0.0,0.0,0.0,0.0,0.0,0.0,-4.0002830378982404e-16,1.4725383063043326e-15,0.0,1.3296278051073173e-15,1.9448083234881996e-16,-4.4263018071327873e-16,-1.0267204784060124e-15,1.8228270552898892e-15,0.0,0.0,0.0,-1.8276019330388764e-15,9.943184040856771e-16,5.388646308291636e-17,0.0,0.0,0.0,0.0,0.0,0.0,1.4064955554106004e-15,-1.8368389418601643e-15,0.0,0.0,-7.773522907084972e-16,0.0,-7.361713754644988e-16,-2.0817911704041025e-16,0.0,-1.5096435869613681e-15,0.0,0.0,-1.1424368798172214e-15,0.0,2.0342865110985026e-15,2.2986108716724373e-16,4.614904362025021e-16,-2.1150612125400225e-16,-6.269427309715666e-16,0.0,0.0,0.0,-5.332427993993168e-16,0.0,0.0,0.0,0.0,5.524483041686934e-16,-5.621223344619181e-16,0.0,0.0,-1.238435073180072e-15,7.318858293193973e-16,-6.816980443302368e-16,-2.2710858899035443e-15,0.0,-1.3254230772196954e-17,0.0,-1.4422869891220153e-15,0.0,0.0,-5.896334169970397e-16,1.985895677192068e-15,0.0,0.0,0.0,4.1464565621985865e-16,1.7741395938669778e-15,0.0,0.0,-9.927083571114196e-16,1.3897993984283865e-15,0.0,0.0,0.0,0.0,0.0,0.0,-9.49712759477899e-16,5.689075772111608e-16,0.0,-3.2772952976450785e-16,0.0,-9.732295773356037e-16,0.0,0.0,0.0
-1.7843650441018428e-15,0.0,-8.526300524745476e-16,0.0,0.0,0.0,-1.3015156256415067e-15,0.0,0.0,0.0,0.0,0.0,0.0,-4.0002830378982404e-16,1.4725383063043326e-15,0.0,1.3296278051073173e-15,1.9448083234881996e-16,-4.4263018071327873e-16,-1.0267204784060124e-15,1.8228270552898892e-15,0.0,0.0,0.0,-1.8276019330388764e-15,9.943184040856771e-16,5.388646308291636e-17,0.0,0.0,0.0,0.0,0.0,0.0,1.4064955554106004e-15,-1.8368389418601643e-15,0.0,0.0,-7.773522907084972e-16,0.0,-7.361713754644988e-16,-2.0817911704041025e-16,0.0,-1.5096435869613681e-15,0.0,0.0,-1.1424368798172214e-15,0.0,2.0342865110985026e-15,2.2986108716724373e-16,4.614904362025021e-16,-2.1150612125400225e-16,-6.269427309715666e-16,0.0,0.0,0.0,-5.332427993993168e-16,0.0,0.0,0.0,0.0,5.524483041686934e-16,-5.621223344619181e-16,0.0,0.0,-1.238435073180072e-15,7.318858293193973e-16,-6.816980443302368e-16,-2.2710858899035443e-15,0.0,-1.3254230772196954e-17,0.0,-1.4422869891220153e-15,0.0,0.0,-5.896334169970397e-16,1.985895677192068e-15,0.0,0.0,0.0,4.1464565621985865e-16,1.7741395938669778e-15,0.0,0.0,-9.927083571114196e-16,1.3897993984283865e-15,0.0,0.0,0.0,0.0,0.0,0.0,-9.49712759477899e-16,5.689075772111608e-16,0.0,-3.2772952976450785e-16,0.0,-9.732295773356037e-16,0.0,0.0,0.0
-1.7843650441018428e-15,0.0,-8.526300524745476e-16,0.0,0.0,0.0,-1.3015156256415067e-15,0.0,0.0,0.0,0.0,0.0,0.0,-4.0002830378982404e-16,1.4725383063043326e-15,0.0,1.3296278051073173e-15,1.9448083234881996e-16,-4.4263018071327873e-16,-1.0267204784060124e-15,1.8228270552898892e-15,0.0,0.0,0.0,-1.8276019330388764e-15,9.943184040856771e-16,5.388646308291636e-17,0.0,0.0,0.0,0.0,0.0,0.0,1.4064955554106004e-15,-1.8368389418601643e-15,0.0,0.0,-7.773522907084972e-16,0.0,-7.361713754644988e-16,-2.0817911704041025e-16,0.0,-1.5096435869613681e-15,0.0,0.0,-1.1424368798172214e-15,0.0,2.0342865110985026e-15,2.2986108716724373e-16,4.614904362025021e-16,-2.1150612125400225e-16,-6.269427309715666e-16,0.0,0.0,0.0,-5.332427993993168e-16,0.0,0.0,0.0,0.0,5.524483041686934e-16,-5.621223344619181e-16,0.0,0.0,-1.238435073180072e-15,7.318858293193973e-16,-6.816980443302368e-16,-2.2710858899035443e-15,0.0,-1.3254230772196954e-17,0.0,-1.4422869891220153e-15,0.0,0.0,-5.896334169970397e-16,1.985895677192068e-15,0.0,0.0,0.0,4.1464565621985865e-16,1.7741395938669778e-15,0.0,0.0,-9.927083571114196e-16,1.3897993984283865e-15,0.0,0.0,0.0,0.0,0.0,0.0,-9.49712759477899e-16,5.689075772111608e-16,0.0,-3.2772952976450785e-16,0.0,-9.732295773356037e-16,0.0,0.0,0.0
1.7843650441018428e-15,0.0,8.526300524745476e-16,0.0,0.0,0.0,1.3015156256415067e-15,0.0,0.0,0.0,0.0,0.0,0.0,4.0002830378982404e-16,-1.4725383063043326e-15,0.0,-1.3296278051073173e-15,-1.9448083234881996e-16,4.4263018071327873e-16,1.0267204784060124e-15,-1.8228270552898892e-15,0.0,0.0,0.0,1.8276019330388764e-15,-9.943184040856771e-16,-5.388646308291636e-17,0.0,0.0,0.0,0.0,0.0,0.0,-1.4064955554106004e-15,1.8368389418601643e-15,0.0,0.0,7.773522907084972e-16,0.0,7.361713754644988e-16,2.0817911704041025e-16,0.0,1.5096435869613681e-15,0.0,0.0,1.1424368798172214e-15,0.0,-2.0342865110985026e-15,-2.2986108716724373e-16,-4.614904362025021e-16,2.1150612125400225e-16,6.269427309715666e-16,0.0,0.0,0.0,5.332427993993168e-16,0.0,0.0,0.0,0.0,-5.524483041686934e-16,5.621223344619181e-16,0.0,0.0,1.238435073180072e-15,-7.318858293193973e-16,6.816980443302368e-16,2.2710858899035443e-15,0.0,1.3254230772196954e-17,0.0,1.4422869891220153e-15,0.0,0.0,5.896334169970397e-16,-1.985895677192068e-15,0.0,0.0,0.0,-4.1464565621985865e-16,-1.7741395938669778e-15,0.0,0.0,9.927083571114196e-16,-1.3897993984283865e-15,0.0,0.0,0.0,0.0,0.0,0.0,9.49712759477899e-16,-5.689075772111608e-16,0.0,3.2772952976450785e-16,0.0,9.732295773356037e-16,0.0,0.0,0.0
0.0,0.0,0.0,0.0,0.0,0.0,0.0,0.0,0.0,0.0,0.0,0.0,0.0,0.0,0.0,0.0,0.0,0.0,0.0,0.0,0.0,0.0,0.0,0.0,0.0,0.0,0.0,0.0,0.0,0.0,0.0,0.0,0.0,0.0,0.0,0.0,0.0,0.0,0.0,0.0,,,,,,,,,,,,,,,,,,,,,,,,,,,,,,,,,,,,,,,,,,,,,,,,,,,,,,,,,,,,
0.0,0.0,0.0,0.0,0.0,0.0,0.0,0.0,0.0,0.0,0.0,0.0,0.0,0.0,0.0,0.0,0.0,0.0,0.0,0.0,0.0,0.0,0.0,0.0,0.0,0.0,0.0,0.0,0.0,0.0,0.0,0.0,0.0,0.0,0.0,0.0,0.0,0.0,0.0,0.0,,,,,,,,,,,,,,,,,,,,,,,,,,,,,,,,,,,,,,,,,,,,,,,,,,,,,,,,,,,,
0.0,0.0,0.0,0.0,0.0,0.0,0.0,0.0,0.0,0.0,0.0,0.0,0.0,0.0,0.0,0.0,0.0,0.0,0.0,0.0,0.0,0.0,0.0,0.0,0.0,0.0,0.0,0.0,0.0,0.0,0.0,0.0,0.0,0.0,0.0,0.0,0.0,0.0,0.0,0.0,,,,,,,,,,,,,,,,,,,,,,,,,,,,,,,,,,,,,,,,,,,,,,,,,,,,,,,,,,,,
-7.846886253422768e-17,-4.0084917579691615e-17,0.0,4.6986644177291816e-17,0.0,0.0,5.312283042561432e-17,1.3678228014994563e-16,0.0,0.0,0.0,1.6284043527482163e-16,0.0,0.0,0.0,3.7270998546816306e-17,3.2917951589078184e-17,-8.941297797397243e-18,1.3534281057870393e-17,0.0,-1.7823465395037365e-17,0.0,1.017463426811112e-16,0.0,1.1890104059649484e-16,0.0,-4.154373606087897e-17,-1.2666187597272397e-16,4.931416794332535e-18,-6.612992304708255e-17,0.0,0.0,-1.0525501289632503e-16,0.0,0.0,-1.6676153074369175e-17,0.0,-1.0802648503177924e-16,0.0,0.0,,,,,,,,,,,,,,,,,,,,,,,,,,,,,,,,,,,,,,,,,,,,,,,,,,,,,,,,,,,,
0.0,0.0,0.0,0.0,0.0,0.0,0.0,0.0,0.0,0.0,0.0,0.0,0.0,0.0,0.0,0.0,0.0,0.0,0.0,0.0,0.0,0.0,0.0,0.0,0.0,0.0,0.0,0.0,0.0,0.0,0.0,0.0,0.0,0.0,0.0,0.0,0.0,0.0,0.0,0.0,,,,,,,,,,,,,,,,,,,,,,,,,,,,,,,,,,,,,,,,,,,,,,,,,,,,,,,,,,,,
-5.855607691441688e-16,-2.991269965052241e-16,0.0,3.5062997748893232e-16,0.0,0.0,3.9642024159034324e-16,1.0207148999382861e-15,0.0,0.0,0.0,1.2151695264564763e-15,0.0,0.0,0.0,2.7812859612085317e-16,2.4564471089081085e-16,-6.672294011025356e-17,1.0099730988967807e-16,0.0,-1.3300463098952298e-16,0.0,7.592650734801943e-16,0.0,8.872791389496191e-16,0.0,-3.1001318555267196e-16,-9.451930755779695e-16,3.6799873450443555e-17,-4.934834959026397e-16,0.0,0.0,-7.854479384222937e-16,0.0,0.0,-1.244430045909499e-16,0.0,-8.061295859304414e-16,0.0,0.0,,,,,,,,,,,,,,,,,,,,,,,,,,,,,,,,,,,,,,,,,,,,,,,,,,,,,,,,,,,,
0.0,0.0,0.0,0.0,0.0,0.0,0.0,0.0,0.0,0.0,0.0,0.0,0.0,0.0,0.0,0.0,0.0,0.0,0.0,0.0,0.0,0.0,0.0,0.0,0.0,0.0,0.0,0.0,0.0,0.0,0.0,0.0,0.0,0.0,0.0,0.0,0.0,0.0,0.0,0.0,,,,,,,,,,,,,,,,,,,,,,,,,,,,,,,,,,,,,,,,,,,,,,,,,,,,,,,,,,,,
-6.304464837600992e-16,-3.2205634851539643e-16,0.0,3.77507251265932e-16,0.0,0.0,4.268075331741164e-16,1.098957022903286e-15,0.0,0.0,0.0,1.3083174206608978e-15,0.0,0.0,0.0,2.994483317483886e-16,2.6447441904573506e-16,-7.183753624773368e-17,1.0873918172871965e-16,0.0,-1.4319999964087299e-16,0.0,8.174659591984871e-16,0.0,9.552928453216654e-16,0.0,-3.3377701009001334e-16,-1.0176461306372316e-15,3.9620739711708206e-17,-5.313110972925546e-16,0.0,0.0,-8.456558517038166e-16,0.0,0.0,-1.339820882938799e-16,0.0,-8.679228351442106e-16,0.0,0.0,,,,,,,,,,,,,,,,,,,,,,,,,,,,,,,,,,,,,,,,,,,,,,,,,,,,,,,,,,,,
-7.603683360370969e-16,-3.8842543520953153e-16,0.0,4.553036108235995e-16,0.0,0.0,5.147636511066546e-16,1.3254291115996213e-15,0.0,0.0,0.0,1.5779343144608942e-15,0.0,0.0,0.0,3.6115837839655396e-16,3.1897707277990993e-16,-8.66417520102774e-17,1.3114805586664922e-16,0.0,-1.7271052857339254e-16,0.0,9.859286191201094e-16,0.0,1.1521587477070969e-15,0.0,-4.0256148032725895e-16,-1.2273617427639852e-15,4.7785746614798055e-17,-6.408032170421511e-16,0.0,0.0,-1.0199278596734096e-15,0.0,0.0,-1.615929982306938e-16,0.0,-1.046783603314262e-15,0.0,0.0,,,,,,,,,,,,,,,,,,,,,,,,,,,,,,,,,,,,,,,,,,,,,,,,,,,,,,,,,,,,
0.0,0.0,0.0,0.0,0.0,0.0,0.0,0.0,0.0,0.0,0.0,0.0,0.0,0.0,0.0,0.0,0.0,0.0,0.0,0.0,0.0,0.0,0.0,0.0,0.0,0.0,0.0,0.0,0.0,0.0,0.0,0.0,0.0,0.0,0.0,0.0,0.0,0.0,0.0,0.0,,,,,,,,,,,,,,,,,,,,,,,,,,,,,,,,,,,,,,,,,,,,,,,,,,,,,,,,,,,,
0.0,0.0,0.0,0.0,0.0,0.0,0.0,0.0,0.0,0.0,0.0,0.0,0.0,0.0,0.0,0.0,0.0,0.0,0.0,0.0,0.0,0.0,0.0,0.0,0.0,0.0,0.0,0.0,0.0,0.0,0.0,0.0,0.0,0.0,0.0,0.0,0.0,0.0,0.0,0.0,,,,,,,,,,,,,,,,,,,,,,,,,,,,,,,,,,,,,,,,,,,,,,,,,,,,,,,,,,,,
0.0,0.0,0.0,0.0,0.0,0.0,0.0,0.0,0.0,0.0,0.0,0.0,0.0,0.0,0.0,0.0,0.0,0.0,0.0,0.0,0.0,0.0,0.0,0.0,0.0,0.0,0.0,0.0,0.0,0.0,0.0,0.0,0.0,0.0,0.0,0.0,0.0,0.0,0.0,0.0,,,,,,,,,,,,,,,,,,,,,,,,,,,,,,,,,,,,,,,,,,,,,,,,,,,,,,,,,,,,
0.0,0.0,0.0,0.0,0.0,0.0,0.0,0.0,0.0,0.0,0.0,0.0,0.0,0.0,0.0,0.0,0.0,0.0,0.0,0.0,0.0,0.0,0.0,0.0,0.0,0.0,0.0,0.0,0.0,0.0,0.0,0.0,0.0,0.0,0.0,0.0,0.0,0.0,0.0,0.0,,,,,,,,,,,,,,,,,,,,,,,,,,,,,,,,,,,,,,,,,,,,,,,,,,,,,,,,,,,,
0.0,0.0,0.0,0.0,0.0,0.0,0.0,0.0,0.0,0.0,0.0,0.0,0.0,0.0,0.0,0.0,0.0,0.0,0.0,0.0,0.0,0.0,0.0,0.0,0.0,0.0,0.0,0.0,0.0,0.0,0.0,0.0,0.0,0.0,0.0,0.0,0.0,0.0,0.0,0.0,,,,,,,,,,,,,,,,,,,,,,,,,,,,,,,,,,,,,,,,,,,,,,,,,,,,,,,,,,,,
0.0,0.0,0.0,0.0,0.0,0.0,0.0,0.0,0.0,0.0,0.0,0.0,0.0,0.0,0.0,0.0,0.0,0.0,0.0,0.0,0.0,0.0,0.0,0.0,0.0,0.0,0.0,0.0,0.0,0.0,0.0,0.0,0.0,0.0,0.0,0.0,0.0,0.0,0.0,0.0,,,,,,,,,,,,,,,,,,,,,,,,,,,,,,,,,,,,,,,,,,,,,,,,,,,,,,,,,,,,
-6.800449721723169e-17,-3.473931669153549e-17,0.0,4.0720650331944385e-17,0.0,0.0,4.6038533721249845e-17,1.185414174414238e-16,0.0,0.0,0.0,1.4112453742615472e-16,0.0,0.0,0.0,3.2300653215851565e-17,2.852811516491632e-17,-7.748913920044568e-18,1.1729391108934563e-17,0.0,-1.544658306126896e-17,0.0,8.81777644566086e-17,0.0,1.0304476480519011e-16,0.0,-3.600359164264847e-17,-1.0977063912911006e-16,4.273778271233573e-18,-5.731104061651775e-17,0.0,0.0,-9.121852924127225e-17,0.0,0.0,-1.4452272770557883e-17,0.0,-9.362040640676475e-17,0.0,0.0,,,,,,,,,,,,,,,,,,,,,,,,,,,,,,,,,,,,,,,,,,,,,,,,,,,,,,,,,,,,
-1.9233748717681787e-15,-9.825339723262525e-16,0.0,1.1517043550860128e-15,0.0,0.0,1.302110338521352e-15,3.3527133189780238e-15,0.0,0.0,0.0,3.9914329225655205e-15,0.0,0.0,0.0,9.135611213860239e-16,8.068622237119513e-16,-2.1916295138098353e-16,3.3174300293700783e-16,0.0,-4.3687654391181336e-16,0.0,2.4939364798591515e-15,0.0,2.9144206545702436e-15,0.0,-1.0182915291273707e-15,-3.104648921738734e-15,1.2087550192660807e-16,-1.6209312605396975e-15,0.0,0.0,-2.5799385946766062e-15,0.0,0.0,-4.0875441219771243e-16,0.0,-2.647871016416671e-15,0.0,0.0,,,,,,,,,,,,,,,,,,,,,,,,,,,,,,,,,,,,,,,,,,,,,,,,,,,,,,,,,,,,
0.0,0.0,0.0,0.0,0.0,0.0,0.0,0.0,0.0,0.0,0.0,0.0,0.0,0.0,0.0,0.0,0.0,0.0,0.0,0.0,0.0,0.0,0.0,0.0,0.0,0.0,0.0,0.0,0.0,0.0,0.0,0.0,0.0,0.0,0.0,0.0,0.0,0.0,0.0,0.0,,,,,,,,,,,,,,,,,,,,,,,,,,,,,,,,,,,,,,,,,,,,,,,,,,,,,,,,,,,,
0.0,0.0,0.0,0.0,0.0,0.0,0.0,0.0,0.0,0.0,0.0,0.0,0.0,0.0,0.0,0.0,0.0,0.0,0.0,0.0,0.0,0.0,0.0,0.0,0.0,0.0,0.0,0.0,0.0,0.0,0.0,0.0,0.0,0.0,0.0,0.0,0.0,0.0,0.0,0.0,,,,,,,,,,,,,,,,,,,,,,,,,,,,,,,,,,,,,,,,,,,,,,,,,,,,,,,,,,,,
-1.8447848265699234e-15,-9.423871499738554e-16,0.0,1.1046451475182089e-15,0.0,0.0,1.2489054683425954e-15,3.215719800375461e-15,0.0,0.0,0.0,3.828341006166585e-15,0.0,0.0,0.0,8.762325637164039e-16,7.738934355879844e-16,-2.1020784517281086e-16,3.1818782033703116e-16,0.0,-4.190255530124037e-16,0.0,2.392033006152268e-15,0.0,2.7953359902484925e-15,0.0,-9.766836353809217e-16,-2.9777914366662296e-15,1.159364693442385e-16,-1.5546992103559651e-15,0.0,0.0,-2.4745210321720276e-15,0.0,0.0,-3.920525054601701e-16,0.0,-2.539677701679211e-15,0.0,0.0,,,,,,,,,,,,,,,,,,,,,,,,,,,,,,,,,,,,,,,,,,,,,,,,,,,,,,,,,,,,
-1.2491878664830047e-15,-6.381332805439895e-16,0.0,7.480055642124896e-16,0.0,0.0,8.4569080088252285e-16,2.177510405973581e-15,0.0,0.0,0.0,2.5923441394271307e-15,0.0,0.0,0.0,5.933369957552283e-16,5.240385088622229e-16,-1.423413104051029e-16,2.154594718597811e-16,0.0,-2.837412954781725e-16,0.0,1.6197545450697155e-15,0.0,1.8928493727120956e-15,0.0,-6.613569935843757e-16,-2.0163982693400888e-15,7.850586621366716e-17,-1.052757677554417e-15,0.0,0.0,-1.675610946179437e-15,0.0,0.0,-2.6547661591282255e-16,0.0,-1.7197314960650048e-15,0.0,0.0,,,,,,,,,,,,,,,,,,,,,,,,,,,,,,,,,,,,,,,,,,,,,,,,,,,,,,,,,,,,
0.0,0.0,0.0,0.0,0.0,0.0,0.0,0.0,0.0,0.0,0.0,0.0,0.0,0.0,0.0,0.0,0.0,0.0,0.0,0.0,0.0,0.0,0.0,0.0,0.0,0.0,0.0,0.0,0.0,0.0,0.0,0.0,0.0,0.0,0.0,0.0,0.0,0.0,0.0,0.0,,,,,,,,,,,,,,,,,,,,,,,,,,,,,,,,,,,,,,,,,,,,,,,,,,,,,,,,,,,,
0.0,0.0,0.0,0.0,0.0,0.0,0.0,0.0,0.0,0.0,0.0,0.0,0.0,0.0,0.0,0.0,0.0,0.0,0.0,0.0,0.0,0.0,0.0,0.0,0.0,0.0,0.0,0.0,0.0,0.0,0.0,0.0,0.0,0.0,0.0,0.0,0.0,0.0,0.0,0.0,,,,,,,,,,,,,,,,,,,,,,,,,,,,,,,,,,,,,,,,,,,,,,,,,,,,,,,,,,,,
0.0,0.0,0.0,0.0,0.0,0.0,0.0,0.0,0.0,0.0,0.0,0.0,0.0,0.0,0.0,0.0,0.0,0.0,0.0,0.0,0.0,0.0,0.0,0.0,0.0,0.0,0.0,0.0,0.0,0.0,0.0,0.0,0.0,0.0,0.0,0.0,0.0,0.0,0.0,0.0,,,,,,,,,,,,,,,,,,,,,,,,,,,,,,,,,,,,,,,,,,,,,,,,,,,,,,,,,,,,
-4.2677119055816126e-16,-2.1801116323622944e-16,0.0,2.555478113006763e-16,0.0,0.0,2.8892088982008174e-16,7.43922298113975e-16,0.0,0.0,0.0,8.856456457863299e-16,0.0,0.0,0.0,2.0270700898943328e-16,1.7903194893743955e-16,-4.8629331213585735e-17,7.360934074833365e-17,0.0,-9.693706905964584e-17,0.0,5.533711895213962e-16,0.0,6.466710108335816e-16,0.0,-2.259452874215139e-16,-6.888801221456574e-16,2.6820659156844512e-17,-3.5966299343274634e-16,0.0,0.0,-5.724539099363837e-16,0.0,0.0,-9.069714370301114e-17,0.0,-5.875272068422825e-16,0.0,0.0,,,,,,,,,,,,,,,,,,,,,,,,,,,,,,,,,,,,,,,,,,,,,,,,,,,,,,,,,,,,
-1.2822490083906102e-15,-6.550221853357314e-16,0.0,7.678023608110131e-16,0.0,0.0,8.680729455767805e-16,2.2351406331545938e-15,0.0,0.0,0.0,2.6609534013056083e-15,0.0,0.0,0.0,6.090403172027254e-16,5.379077690202822e-16,-1.4610853100408848e-16,2.2116184567049476e-16,0.0,-2.912508234575489e-16,0.0,1.6626231449872021e-15,0.0,1.942945730033549e-15,0.0,-6.788605396907273e-16,-2.0697644851940668e-15,8.058361100539088e-17,-1.0806200767225576e-15,0.0,0.0,-1.7199578476823656e-15,0.0,0.0,-2.725027488967712e-16,0.0,-1.7652460968387525e-15,0.0,0.0,,,,,,,,,,,,,,,,,,,,,,,,,,,,,,,,,,,,,,,,,,,,,,,,,,,,,,,,,,,,
0.0,0.0,0.0,0.0,0.0,0.0,0.0,0.0,0.0,0.0,0.0,0.0,0.0,0.0,0.0,0.0,0.0,0.0,0.0,0.0,0.0,0.0,0.0,0.0,0.0,0.0,0.0,0.0,0.0,0.0,0.0,0.0,0.0,0.0,0.0,0.0,0.0,0.0,0.0,0.0,,,,,,,,,,,,,,,,,,,,,,,,,,,,,,,,,,,,,,,,,,,,,,,,,,,,,,,,,,,,
0.0,0.0,0.0,0.0,0.0,0.0,0.0,0.0,0.0,0.0,0.0,0.0,0.0,0.0,0.0,0.0,0.0,0.0,0.0,0.0,0.0,0.0,0.0,0.0,0.0,0.0,0.0,0.0,0.0,0.0,0.0,0.0,0.0,0.0,0.0,0.0,0.0,0.0,0.0,0.0,,,,,,,,,,,,,,,,,,,,,,,,,,,,,,,,,,,,,,,,,,,,,,,,,,,,,,,,,,,,
-9.699055349374156e-16,-4.954651077182926e-16,0.0,5.807731217693096e-16,0.0,0.0,6.566187605799758e-16,1.6906819637015173e-15,0.0,0.0,0.0,2.01277085437265e-15,0.0,0.0,0.0,4.606839785326743e-16,4.068786320321939e-16,-1.1051790408503167e-16,1.672889562238933e-16,0.0,-2.203049359976603e-16,0.0,1.2576242058179856e-15,0.0,1.4696629167277093e-15,0.0,-5.134966692023836e-16,-1.5655898480485164e-15,6.095422170571329e-17,-8.17391463529541e-16,0.0,0.0,-1.300992728721214e-15,0.0,0.0,-2.0612371131592647e-16,0.0,-1.3352491978133887e-15,0.0,0.0,,,,,,,,,,,,,,,,,,,,,,,,,,,,,,,,,,,,,,,,,,,,,,,,,,,,,,,,,,,,
0.0,0.0,0.0,0.0,0.0,0.0,0.0,0.0,0.0,0.0,0.0,0.0,0.0,0.0,0.0,0.0,0.0,0.0,0.0,0.0,0.0,0.0,0.0,0.0,0.0,0.0,0.0,0.0,0.0,0.0,0.0,0.0,0.0,0.0,0.0,0.0,0.0,0.0,0.0,0.0,,,,,,,,,,,,,,,,,,,,,,,,,,,,,,,,,,,,,,,,,,,,,,,,,,,,,,,,,,,,
-1.3027870284580082e-15,-6.655137971045728e-16,0.0,7.801003935573394e-16,0.0,0.0,8.819770308672018e-16,2.270941295020422e-15,0.0,0.0,0.0,2.7035743852149814e-15,0.0,0.0,0.0,6.187954288656807e-16,5.465235374726314e-16,-1.4844877843040264e-16,2.2470423595101014e-16,0.0,-2.95915841888193e-16,0.0,1.6892536881132416e-15,0.0,1.9740662519697518e-15,0.0,-6.897339748003652e-16,-2.1029162866410087e-15,8.187433364124567e-17,-1.0979285688139785e-15,0.0,0.0,-1.7475067313700326e-15,0.0,0.0,-2.768674759417057e-16,0.0,-1.7935203708085757e-15,0.0,0.0,,,,,,,,,,,,,,,,,,,,,,,,,,,,,,,,,,,,,,,,,,,,,,,,,,,,,,,,,,,,
0.0,0.0,0.0,0.0,0.0,0.0,0.0,0.0,0.0,0.0,0.0,0.0,0.0,0.0,0.0,0.0,0.0,0.0,0.0,0.0,0.0,0.0,0.0,0.0,0.0,0.0,0.0,0.0,0.0,0.0,0.0,0.0,0.0,0.0,0.0,0.0,0.0,0.0,0.0,0.0,,,,,,,,,,,,,,,,,,,,,,,,,,,,,,,,,,,,,,,,,,,,,,,,,,,,,,,,,,,,
-9.16810266644262e-16,-4.683419994602327e-16,0.0,5.489800206816005e-16,0.0,0.0,6.206736628323261e-16,1.5981294323182211e-15,0.0,0.0,0.0,1.9025863006444854e-15,0.0,0.0,0.0,4.3546488393277793e-16,3.8460498851505007e-16,-1.0446785327367053e-16,1.58131103532845e-16,0.0,-2.0824484430650754e-16,0.0,1.1887784345396735e-15,0.0,1.3892095694136417e-15,0.0,-4.8538646420113e-16,-1.4798851994772128e-15,5.761742174067953e-17,-7.726452305271332e-16,0.0,0.0,-1.2297728464845877e-15,0.0,0.0,-1.9483993845385507e-16,0.0,-1.2621540232398208e-15,0.0,0.0,,,,,,,,,,,,,,,,,,,,,,,,,,,,,,,,,,,,,,,,,,,,,,,,,,,,,,,,,,,,
-9.861156648819193e-16,-5.037458665033214e-16,0.0,5.904796420777673e-16,0.0,0.0,6.675928967711741e-16,1.7189385034770105e-15,0.0,0.0,0.0,2.0464104985674794e-15,0.0,0.0,0.0,4.683834367648077e-16,4.1367883603073e-16,-1.1236500106703636e-16,1.700848735797466e-16,0.0,-2.2398691482064747e-16,0.0,1.2786430071994811e-15,0.0,1.4942255426707724e-15,0.0,-5.220787913101593e-16,-1.591755710560374e-15,6.197295581839102e-17,-8.310526102722459e-16,0.0,0.0,-1.3227363526410282e-15,0.0,0.0,-2.0956867788711952e-16,0.0,-1.3575653535885446e-15,0.0,0.0,,,,,,,,,,,,,,,,,,,,,,,,,,,,,,,,,,,,,,,,,,,,,,,,,,,,,,,,,,,,
-2.5292802193474214e-15,-1.2920537631632128e-15,0.0,1.514516533730835e-15,0.0,0.0,1.7123037068702949e-15,4.408891684769724e-15,0.0,0.0,0.0,5.248821998291048e-15,0.0,0.0,0.0,1.2013529486128267e-15,1.0610415536401396e-15,-2.8820409680829716e-16,4.3624933836435155e-16,0.0,-5.745022548813856e-16,0.0,3.279581271131927e-15,0.0,3.832527200319243e-15,0.0,-1.3390757360696785e-15,-4.082681551596424e-15,1.5895394107213324e-16,-2.1315602248853125e-15,0.0,0.0,-3.3926759418706906e-15,0.0,0.0,-5.375210337401482e-16,0.0,-3.482008569161156e-15,0.0,0.0,,,,,,,,,,,,,,,,,,,,,,,,,,,,,,,,,,,,,,,,,,,,,,,,,,,,,,,,,,,,
-3.6636751637195004e-16,-1.87154639730378e-16,0.0,2.1937848433036906e-16,0.0,0.0,2.4802805618841685e-16,6.38630185831597e-16,0.0,0.0,0.0,7.602945156818167e-16,0.0,0.0,0.0,1.7401658096348048e-16,1.5369240458254543e-16,-4.174650888746513e-17,6.319093684949269e-17,0.0,-8.321694158715394e-17,0.0,4.750490024211606e-16,0.0,5.551434993514395e-16,0.0,-1.9396579623920315e-16,-5.913784833939365e-16,2.3024558592861685e-17,-3.0875757443355005e-16,0.0,0.0,-4.914308225597591e-16,0.0,0.0,-7.786019303937432e-17,0.0,-5.043706987114941e-16,0.0,0.0,,,,,,,,,,,,,,,,,,,,,,,,,,,,,,,,,,,,,,,,,,,,,,,,,,,,,,,,,,,,
0.0,0.0,0.0,0.0,0.0,0.0,0.0,0.0,0.0,0.0,0.0,0.0,0.0,0.0,0.0,0.0,0.0,0.0,0.0,0.0,0.0,0.0,0.0,0.0,0.0,0.0,0.0,0.0,0.0,0.0,0.0,0.0,0.0,0.0,0.0,0.0,0.0,0.0,0.0,0.0,,,,,,,,,,,,,,,,,,,,,,,,,,,,,,,,,,,,,,,,,,,,,,,,,,,,,,,,,,,,
0.0,0.0,0.0,0.0,0.0,0.0,0.0,0.0,0.0,0.0,0.0,0.0,0.0,0.0,0.0,0.0,0.0,0.0,0.0,0.0,0.0,0.0,0.0,0.0,0.0,0.0,0.0,0.0,0.0,0.0,0.0,0.0,0.0,0.0,0.0,0.0,0.0,0.0,0.0,0.0,,,,,,,,,,,,,,,,,,,,,,,,,,,,,,,,,,,,,,,,,,,,,,,,,,,,,,,,,,,,
-8.589100577450044e-17,-4.387643424556942e-17,0.0,5.1430975243152096e-17,0.0,0.0,5.814756563922398e-17,1.497201212657281e-16,0.0,0.0,0.0,1.7824304207813672e-16,0.0,0.0,0.0,4.0796354732549266e-17,3.6031565626288566e-17,-9.787029350817815e-18,1.4814449642215644e-17,0.0,-1.950933554693754e-17,0.0,1.1137023558797834e-16,0.0,1.3014754686947324e-16,0.0,-4.547323815663614e-17,-1.38642457265605e-16,5.397865276481201e-18,-7.238496161234231e-17,0.0,0.0,-1.1521078079257201e-16,0.0,0.0,-1.825350226508408e-17,0.0,-1.1824439847864885e-16,0.0,0.0,,,,,,,,,,,,,,,,,,,,,,,,,,,,,,,,,,,,,,,,,,,,,,,,,,,,,,,,,,,,
-1.7385889801526102e-15,-8.881382209915248e-16,0.0,1.0410557658505427e-15,0.0,0.0,1.177011678131596e-15,3.0306054818255075e-15,0.0,0.0,0.0,3.607960879623649e-15,0.0,0.0,0.0,8.25791852462674e-16,7.29343921061742e-16,-1.981071385103474e-16,2.998711991172012e-16,0.0,-3.949041635518382e-16,0.0,2.254334578624107e-15,0.0,2.6344212498247184e-15,0.0,-9.204604141968742e-16,-2.8063735685677734e-15,1.0926253571505836e-16,-1.4652022694715036e-15,0.0,0.0,-2.332074145302541e-15,0.0,0.0,-3.694838312940977e-16,0.0,-2.3934800425958643e-15,0.0,0.0,,,,,,,,,,,,,,,,,,,,,,,,,,,,,,,,,,,,,,,,,,,,,,,,,,,,,,,,,,,,
0.0,0.0,0.0,0.0,0.0,0.0,0.0,0.0,0.0,0.0,0.0,0.0,0.0,0.0,0.0,0.0,0.0,0.0,0.0,0.0,0.0,0.0,0.0,0.0,0.0,0.0,0.0,0.0,0.0,0.0,0.0,0.0,0.0,0.0,0.0,0.0,0.0,0.0,0.0,0.0,,,,,,,,,,,,,,,,,,,,,,,,,,,,,,,,,,,,,,,,,,,,,,,,,,,,,,,,,,,,
0.0,0.0,0.0,0.0,0.0,0.0,0.0,0.0,0.0,0.0,0.0,0.0,0.0,0.0,0.0,0.0,0.0,0.0,0.0,0.0,0.0,0.0,0.0,0.0,0.0,0.0,0.0,0.0,0.0,0.0,0.0,0.0,0.0,0.0,0.0,0.0,0.0,0.0,0.0,0.0,,,,,,,,,,,,,,,,,,,,,,,,,,,,,,,,,,,,,,,,,,,,,,,,,,,,,,,,,,,,
0.0,0.0,0.0,0.0,0.0,0.0,0.0,0.0,0.0,0.0,0.0,0.0,0.0,0.0,0.0,0.0,0.0,0.0,0.0,0.0,0.0,0.0,0.0,0.0,0.0,0.0,0.0,0.0,0.0,0.0,0.0,0.0,0.0,0.0,0.0,0.0,0.0,0.0,0.0,0.0,,,,,,,,,,,,,,,,,,,,,,,,,,,,,,,,,,,,,,,,,,,,,,,,,,,,,,,,,,,,
0.0,0.0,0.0,0.0,0.0,0.0,0.0,0.0,0.0,0.0,0.0,0.0,0.0,0.0,0.0,0.0,0.0,0.0,0.0,0.0,0.0,0.0,0.0,0.0,0.0,0.0,0.0,0.0,0.0,0.0,0.0,0.0,0.0,0.0,0.0,0.0,0.0,0.0,0.0,0.0,,,,,,,,,,,,,,,,,,,,,,,,,,,,,,,,,,,,,,,,,,,,,,,,,,,,,,,,,,,,
-1.5373741804391429e-15,-7.853499505637448e-16,0.0,9.205696533722618e-16,0.0,0.0,1.0407907703843996e-15,2.679859743760075e-15,0.0,0.0,0.0,3.190395178900196e-15,0.0,0.0,0.0,7.302192104551854e-16,6.449336362422723e-16,-1.7517929952584595e-16,2.6516574316469164e-16,0.0,-3.4920011096539966e-16,0.0,1.993430198173486e-15,0.0,2.329527712481664e-15,0.0,-8.139313495351726e-16,-2.4815792083326326e-15,9.661708616311124e-17,-1.295627755565665e-15,0.0,0.0,-2.062172611690602e-15,0.0,0.0,-3.267217892243956e-16,0.0,-2.116471725571542e-15,0.0,0.0,,,,,,,,,,,,,,,,,,,,,,,,,,,,,,,,,,,,,,,,,,,,,,,,,,,,,,,,,,,,
0.0,0.0,0.0,0.0,0.0,0.0,0.0,0.0,0.0,0.0,0.0,0.0,0.0,0.0,0.0,0.0,0.0,0.0,0.0,0.0,0.0,0.0,0.0,0.0,0.0,0.0,0.0,0.0,0.0,0.0,0.0,0.0,0.0,0.0,0.0,0.0,0.0,0.0,0.0,0.0,,,,,,,,,,,,,,,,,,,,,,,,,,,,,,,,,,,,,,,,,,,,,,,,,,,,,,,,,,,,
0.0,0.0,0.0,0.0,0.0,0.0,0.0,0.0,0.0,0.0,0.0,0.0,0.0,0.0,0.0,0.0,0.0,0.0,0.0,0.0,0.0,0.0,0.0,0.0,0.0,0.0,0.0,0.0,0.0,0.0,0.0,0.0,0.0,0.0,0.0,0.0,0.0,0.0,0.0,0.0,,,,,,,,,,,,,,,,,,,,,,,,,,,,,,,,,,,,,,,,,,,,,,,,,,,,,,,,,,,,
0.0,0.0,0.0,0.0,0.0,0.0,0.0,0.0,0.0,0.0,0.0,0.0,0.0,0.0,0.0,0.0,0.0,0.0,0.0,0.0,0.0,0.0,0.0,0.0,0.0,0.0,0.0,0.0,0.0,0.0,0.0,0.0,0.0,0.0,0.0,0.0,0.0,0.0,0.0,0.0,,,,,,,,,,,,,,,,,,,,,,,,,,,,,,,,,,,,,,,,,,,,,,,,,,,,,,,,,,,,
-1.9577954999263407e-16,-1.0001173550617841e-16,0.0,1.1723152032032642e-16,0.0,0.0,1.3254128451938755e-16,3.4127133221845587e-16,0.0,0.0,0.0,4.062863422392926e-16,0.0,0.0,0.0,9.299101691564535e-17,8.213017929217357e-17,-2.2308508146922534e-17,3.3767986044501374e-17,0.0,-4.446948664290392e-17,0.0,2.538567852288589e-16,0.0,2.9665769924323513e-16,0.0,-1.0365148274532334e-16,-3.160209575912492e-16,1.2303868434430395e-17,-1.6499393717550042e-16,0.0,0.0,-2.626109056993511e-16,0.0,0.0,-4.1606946234044993e-17,0.0,-2.69525719422561e-16,0.0,0.0,,,,,,,,,,,,,,,,,,,,,,,,,,,,,,,,,,,,,,,,,,,,,,,,,,,,,,,,,,,,
-8.103127059129739e-16,-4.1393894318437817e-16,0.0,4.852099744464093e-16,0.0,0.0,5.485756142974436e-16,1.4124891832209583e-15,0.0,0.0,0.0,1.6815800494371972e-15,0.0,0.0,0.0,3.848808649593419e-16,3.3992890381994833e-16,-9.233276714597893e-17,1.3976244273715477e-16,0.0,-1.8405492327226241e-16,0.0,1.0506887903302702e-15,0.0,1.2278376521590086e-15,0.0,-4.290035065379142e-16,-1.307980313983809e-15,5.092452671729824e-17,-6.828940187927959e-16,0.0,0.0,-1.0869212520281317e-15,0.0,0.0,-1.722071441524566e-16,0.0,-1.1155410002048398e-15,0.0,0.0,,,,,,,,,,,,,,,,,,,,,,,,,,,,,,,,,,,,,,,,,,,,,,,,,,,,,,,,,,,,
-8.454808398070121e-16,-4.319041806434935e-16,0.0,5.062684241332228e-16,0.0,0.0,5.72384176737397e-16,1.4737921942152475e-15,0.0,0.0,0.0,1.7545617908076724e-15,0.0,0.0,0.0,4.0158496165358405e-16,3.5468205419851027e-16,-9.634007333049478e-17,1.4582822976439902e-16,0.0,-1.9204303469919963e-16,0.0,1.096289413138804e-15,0.0,1.2811266585341684e-15,0.0,-4.476225565032464e-16,-1.364747567511102e-15,5.313468652476004e-17,-7.125320932214624e-16,0.0,0.0,-1.1340943888241703e-15,0.0,0.0,-1.7968105374176762e-16,0.0,-1.1639562539373986e-15,0.0,0.0,,,,,,,,,,,,,,,,,,,,,,,,,,,,,,,,,,,,,,,,,,,,,,,,,,,,,,,,,,,,
-9.568485766845474e-16,-4.887951104925854e-16,0.0,5.729547001476418e-16,0.0,0.0,6.477792979353007e-16,1.6679218463253932e-15,0.0,0.0,0.0,1.9856747464822776e-15,0.0,0.0,0.0,4.544822080933969e-16,4.014011941569978e-16,-1.0903010181166299e-16,1.6503689678212278e-16,0.0,-2.1733917051988325e-16,0.0,1.240693952136918e-15,0.0,1.449878178257544e-15,0.0,-5.0658392942387e-16,-1.5445137323333887e-15,6.01336503206877e-17,-8.063876638489414e-16,0.0,0.0,-1.2834786439631616e-15,0.0,0.0,-2.0334885479987208e-16,0.0,-1.3172739492917373e-15,0.0,0.0,,,,,,,,,,,,,,,,,,,,,,,,,,,,,,,,,,,,,,,,,,,,,,,,,,,,,,,,,,,,
-1.2840717823681773e-15,-6.559533284961832e-16,0.0,7.688938260054043e-16,0.0,0.0,8.693069498657082e-16,2.2383179849448133e-15,0.0,0.0,0.0,2.6647360648785023e-15,0.0,0.0,0.0,6.099060950931523e-16,5.386724288307288e-16,-1.4631623077727768e-16,2.2147623706754866e-16,0.0,-2.916648494528661e-16,0.0,1.664986637712369e-15,0.0,1.9457077137772335e-15,0.0,-6.798255701318103e-16,-2.0727067474369052e-15,8.069816419139287e-17,-1.0821562262088097e-15,0.0,0.0,-1.7224028442366643e-15,0.0,0.0,-2.7289012367051187e-16,0.0,-1.7677554726528607e-15,0.0,0.0,,,,,,,,,,,,,,,,,,,,,,,,,,,,,,,,,,,,,,,,,,,,,,,,,,,,,,,,,,,,
0.0,0.0,0.0,0.0,0.0,0.0,0.0,0.0,0.0,0.0,0.0,0.0,0.0,0.0,0.0,0.0,0.0,0.0,0.0,0.0,0.0,0.0,0.0,0.0,0.0,0.0,0.0,0.0,0.0,0.0,0.0,0.0,0.0,0.0,0.0,0.0,0.0,0.0,0.0,0.0,,,,,,,,,,,,,,,,,,,,,,,,,,,,,,,,,,,,,,,,,,,,,,,,,,,,,,,,,,,,
-1.3609123971093216e-15,-6.95206474383548e-16,0.0,8.14905486001516e-16,0.0,0.0,9.213274687678809e-16,2.3722619998441326e-15,0.0,0.0,0.0,2.824197521908988e-15,0.0,0.0,0.0,6.464037114451726e-16,5.709073249976086e-16,-1.550719944922921e-16,2.3472967853437954e-16,0.0,-3.0911847364902143e-16,0.0,1.7646217192820736e-15,0.0,2.0621415291496834e-15,0.0,-7.205072636655906e-16,-2.196740358982699e-15,8.552725289974552e-17,-1.1469139374284146e-15,0.0,0.0,-1.8254737902697204e-15,0.0,0.0,-2.8922024255292857e-16,0.0,-1.873540382107183e-15,0.0,0.0,,,,,,,,,,,,,,,,,,,,,,,,,,,,,,,,,,,,,,,,,,,,,,,,,,,,,,,,,,,,
0.0,0.0,0.0,0.0,0.0,0.0,0.0,0.0,0.0,0.0,0.0,0.0,0.0,0.0,0.0,0.0,0.0,0.0,0.0,0.0,0.0,0.0,0.0,0.0,0.0,0.0,0.0,0.0,0.0,0.0,0.0,0.0,0.0,0.0,0.0,0.0,0.0,0.0,0.0,0.0,,,,,,,,,,,,,,,,,,,,,,,,,,,,,,,,,,,,,,,,,,,,,,,,,,,,,,,,,,,,
0.0,0.0,0.0,0.0,0.0,0.0,0.0,0.0,0.0,0.0,0.0,0.0,0.0,0.0,0.0,0.0,0.0,0.0,0.0,0.0,0.0,0.0,0.0,0.0,0.0,0.0,0.0,0.0,0.0,0.0,0.0,0.0,0.0,0.0,0.0,0.0,0.0,0.0,0.0,0.0,,,,,,,,,,,,,,,,,,,,,,,,,,,,,,,,,,,,,,,,,,,,,,,,,,,,,,,,,,,,
-1.484366742641168e-16,-7.582717095058266e-17,0.0,8.88829144613428e-17,0.0,0.0,1.0049051332221451e-16,2.587460313301263e-16,0.0,0.0,0.0,3.08039289308829e-16,0.0,0.0,0.0,7.050418334251944e-17,6.22696837913079e-17,-1.691392567429909e-17,2.5602303944571723e-17,0.0,-3.371599691466025e-17,0.0,1.9246983119620871e-16,0.0,2.2492074515528907e-16,0.0,-7.858676445951147e-17,-2.396016332879068e-16,9.328580595158212e-18,-1.2509555420367118e-16,0.0,0.0,-1.991070541788756e-16,0.0,0.0,-3.154566820436517e-17,0.0,-2.0434974654520176e-16,0.0,0.0,,,,,,,,,,,,,,,,,,,,,,,,,,,,,,,,,,,,,,,,,,,,,,,,,,,,,,,,,,,,
0.0,0.0,0.0,0.0,0.0,0.0,0.0,0.0,0.0,0.0,0.0,0.0,0.0,0.0,0.0,0.0,0.0,0.0,0.0,0.0,0.0,0.0,0.0,0.0,0.0,0.0,0.0,0.0,0.0,0.0,0.0,0.0,0.0,0.0,0.0,0.0,0.0,0.0,0.0,0.0,,,,,,,,,,,,,,,,,,,,,,,,,,,,,,,,,,,,,,,,,,,,,,,,,,,,,,,,,,,,
-1.5992610591333962e-17,-8.169641520648999e-18,0.0,9.576271135486689e-18,0.0,0.0,1.0826877223251947e-17,2.787737290417141e-17,0.0,0.0,0.0,3.318824290001131e-17,0.0,0.0,0.0,7.596141282784735e-18,6.708953898737586e-18,-1.822311286754701e-18,2.7583996964117462e-18,0.0,-3.63257134416361e-18,0.0,2.0736755765787517e-17,0.0,2.4233026703231398e-17,0.0,-8.466960930407158e-18,-2.5814749873760884e-17,1.005063994918031e-18,-1.3477831506294072e-17,0.0,0.0,-2.1451852106337255e-17,0.0,0.0,-3.398739495727136e-18,0.0,-2.2016701311430787e-17,0.0,0.0,,,,,,,,,,,,,,,,,,,,,,,,,,,,,,,,,,,,,,,,,,,,,,,,,,,,,,,,,,,,
-1.0181193535185634e-15,-5.200945834314713e-16,0.0,6.096432425399876e-16,0.0,0.0,6.892591535452802e-16,1.7747254406588722e-15,0.0,0.0,0.0,2.112825308463797e-15,0.0,0.0,0.0,4.835844909682992e-16,4.2710449098722255e-16,-1.1601172795301096e-16,1.756048582323593e-16,0.0,-2.312562522177579e-16,0.0,1.3201404644827852e-15,0.0,1.5427195791449645e-15,0.0,-5.390224903871703e-16,-1.6434150198691602e-15,6.398424440505167e-17,-8.580238367997224e-16,0.0,0.0,-1.3656648283623452e-15,0.0,0.0,-2.1637008157022163e-16,0.0,-1.4016241799792054e-15,0.0,0.0,,,,,,,,,,,,,,,,,,,,,,,,,,,,,,,,,,,,,,,,,,,,,,,,,,,,,,,,,,,,
0.0,0.0,0.0,0.0,0.0,0.0,0.0,0.0,0.0,0.0,0.0,0.0,0.0,0.0,0.0,0.0,0.0,0.0,0.0,0.0,0.0,0.0,0.0,0.0,0.0,0.0,0.0,0.0,0.0,0.0,0.0,0.0,0.0,0.0,0.0,0.0,0.0,0.0,0.0,0.0,,,,,,,,,,,,,,,,,,,,,,,,,,,,,,,,,,,,,,,,,,,,,,,,,,,,,,,,,,,,
-7.619600883303938e-16,-3.892385635947717e-16,0.0,4.562567417370355e-16,0.0,0.0,5.158412554509194e-16,1.3282037600535361e-15,0.0,0.0,0.0,1.5812375563828362e-15,0.0,0.0,0.0,3.6191442602480244e-16,3.196448182172762e-16,-8.68231275370075e-17,1.3142260072707197e-16,0.0,-1.7307208016214754e-16,0.0,9.879925584849317e-16,0.0,1.1545706726150475e-15,0.0,-4.0340420105764015e-16,-1.2299310973467017e-15,4.7885781121965245e-17,-6.421446721527031e-16,0.0,0.0,-1.02206297292404e-15,0.0,0.0,-1.619312764220964e-16,0.0,-1.048974936280394e-15,0.0,0.0,,,,,,,,,,,,,,,,,,,,,,,,,,,,,,,,,,,,,,,,,,,,,,,,,,,,,,,,,,,,
0.0,0.0,0.0,0.0,0.0,0.0,0.0,0.0,0.0,0.0,0.0,0.0,0.0,0.0,0.0,0.0,0.0,0.0,0.0,0.0,0.0,0.0,0.0,0.0,0.0,0.0,0.0,0.0,0.0,0.0,0.0,0.0,0.0,0.0,0.0,0.0,0.0,0.0,0.0,0.0,,,,,,,,,,,,,,,,,,,,,,,,,,,,,,,,,,,,,,,,,,,,,,,,,,,,,,,,,,,,
0.0,0.0,0.0,0.0,0.0,0.0,0.0,0.0,0.0,0.0,0.0,0.0,0.0,0.0,0.0,0.0,0.0,0.0,0.0,0.0,0.0,0.0,0.0,0.0,0.0,0.0,0.0,0.0,0.0,0.0,0.0,0.0,0.0,0.0,0.0,0.0,0.0,0.0,0.0,0.0,,,,,,,,,,,,,,,,,,,,,,,,,,,,,,,,,,,,,,,,,,,,,,,,,,,,,,,,,,,,
-8.770299142929222e-16,-4.480206631518468e-16,0.0,5.251598046008029e-16,0.0,0.0,5.937426631468187e-16,1.528786674897581e-15,0.0,0.0,0.0,1.8200331746901957e-15,0.0,0.0,0.0,4.165700840491693e-16,3.679169969906835e-16,-9.993499826123076e-17,1.5126980273255238e-16,0.0,-1.9920911076025883e-16,0.0,1.1371973967675347e-15,0.0,1.3289318345630012e-15,0.0,-4.64325569406434e-16,-1.4156730535004715e-15,5.511740464683809e-17,-7.391201919982207e-16,0.0,0.0,-1.176413063195589e-15,0.0,0.0,-1.8638584311286652e-16,0.0,-1.2073892222849652e-15,0.0,0.0,,,,,,,,,,,,,,,,,,,,,,,,,,,,,,,,,,,,,,,,,,,,,,,,,,,,,,,,,,,,
-8.829576043181536e-16,-4.510487555495888e-16,0.0,5.287092668080235e-16,0.0,0.0,5.977556647611675e-16,1.5391194735579358e-15,0.0,0.0,0.0,1.8323344569148722e-15,0.0,0.0,0.0,4.193856075470409e-16,3.704036828809054e-16,-1.0061044123382561e-16,1.5229220856633672e-16,0.0,-2.005555298955067e-16,0.0,1.144883512777583e-15,0.0,1.3379138497161588e-15,0.0,-4.674638637808619e-16,-1.4252413372060383e-15,5.54899334333905e-17,-7.441157746096612e-16,0.0,0.0,-1.1843642309569285e-15,0.0,0.0,-1.876455920507978e-16,0.0,-1.2155497524252405e-15,0.0,0.0,,,,,,,,,,,,,,,,,,,,,,,,,,,,,,,,,,,,,,,,,,,,,,,,,,,,,,,,,,,,
0.0,0.0,0.0,0.0,0.0,0.0,0.0,0.0,0.0,0.0,0.0,0.0,0.0,0.0,0.0,0.0,0.0,0.0,0.0,0.0,0.0,0.0,0.0,0.0,0.0,0.0,0.0,0.0,0.0,0.0,0.0,0.0,0.0,0.0,0.0,0.0,0.0,0.0,0.0,0.0,,,,,,,,,,,,,,,,,,,,,,,,,,,,,,,,,,,,,,,,,,,,,,,,,,,,,,,,,,,,
0.0,0.0,0.0,0.0,0.0,0.0,0.0,0.0,0.0,0.0,0.0,0.0,0.0,0.0,0.0,0.0,0.0,0.0,0.0,0.0,0.0,0.0,0.0,0.0,0.0,0.0,0.0,0.0,0.0,0.0,0.0,0.0,0.0,0.0,0.0,0.0,0.0,0.0,0.0,0.0,,,,,,,,,,,,,,,,,,,,,,,,,,,,,,,,,,,,,,,,,,,,,,,,,,,,,,,,,,,,
0.0,0.0,0.0,0.0,0.0,0.0,0.0,0.0,0.0,0.0,0.0,0.0,0.0,0.0,0.0,0.0,0.0,0.0,0.0,0.0,0.0,0.0,0.0,0.0,0.0,0.0,0.0,0.0,0.0,0.0,0.0,0.0,0.0,0.0,0.0,0.0,0.0,0.0,0.0,0.0,,,,,,,,,,,,,,,,,,,,,,,,,,,,,,,,,,,,,,,,,,,,,,,,,,,,,,,,,,,,
0.0,0.0,0.0,0.0,0.0,0.0,0.0,0.0,0.0,0.0,0.0,0.0,0.0,0.0,0.0,0.0,0.0,0.0,0.0,0.0,0.0,0.0,0.0,0.0,0.0,0.0,0.0,0.0,0.0,0.0,0.0,0.0,0.0,0.0,0.0,0.0,0.0,0.0,0.0,0.0,,,,,,,,,,,,,,,,,,,,,,,,,,,,,,,,,,,,,,,,,,,,,,,,,,,,,,,,,,,,
0.0,0.0,0.0,0.0,0.0,0.0,0.0,0.0,0.0,0.0,0.0,0.0,0.0,0.0,0.0,0.0,0.0,0.0,0.0,0.0,0.0,0.0,0.0,0.0,0.0,0.0,0.0,0.0,0.0,0.0,0.0,0.0,0.0,0.0,0.0,0.0,0.0,0.0,0.0,0.0,,,,,,,,,,,,,,,,,,,,,,,,,,,,,,,,,,,,,,,,,,,,,,,,,,,,,,,,,,,,
0.0,0.0,0.0,0.0,0.0,0.0,0.0,0.0,0.0,0.0,0.0,0.0,0.0,0.0,0.0,0.0,0.0,0.0,0.0,0.0,0.0,0.0,0.0,0.0,0.0,0.0,0.0,0.0,0.0,0.0,0.0,0.0,0.0,0.0,0.0,0.0,0.0,0.0,0.0,0.0,,,,,,,,,,,,,,,,,,,,,,,,,,,,,,,,,,,,,,,,,,,,,,,,,,,,,,,,,,,,
-1.685701586960983e-15,-8.611213033426116e-16,0.0,1.0093871390206895e-15,0.0,0.0,1.1412073102659845e-15,2.9384153060244753e-15,0.0,0.0,0.0,3.4982077132117025e-15,0.0,0.0,0.0,8.006714940029062e-16,7.071574818484154e-16,-1.9208077445991774e-16,2.907492006485556e-16,0.0,-3.828912887382963e-16,0.0,2.185758347780455e-15,0.0,2.554282888163397e-15,0.0,-8.924602644209996e-16,-2.721004465198439e-15,1.0593879976973489e-16,-1.4206312239768969e-15,0.0,0.0,-2.261133098463617e-15,0.0,0.0,-3.5824423591722806e-16,0.0,-2.32067104544119e-15,0.0,0.0,,,,,,,,,,,,,,,,,,,,,,,,,,,,,,,,,,,,,,,,,,,,,,,,,,,,,,,,,,,,
-9.711367528305178e-16,-4.960940612442357e-16,0.0,5.815103670304177e-16,0.0,0.0,6.574522858438818e-16,1.6928281499127227e-15,0.0,0.0,0.0,2.015325906799254e-15,0.0,0.0,0.0,4.612687801829418e-16,4.073951320768207e-16,-1.1065819776943304e-16,1.675013162412372e-16,0.0,-2.205845955824018e-16,0.0,1.259220659667588e-15,0.0,1.4715285368471168e-15,0.0,-5.141485123607085e-16,-1.567577239773527e-15,6.103159823953113e-17,-8.184290769458119e-16,0.0,0.0,-1.3026442354594458e-15,0.0,0.0,-2.0638536896445323e-16,0.0,-1.336944190413059e-15,0.0,0.0,,,,,,,,,,,,,,,,,,,,,,,,,,,,,,,,,,,,,,,,,,,,,,,,,,,,,,,,,,,,
-7.169535525678222e-16,-3.662474914889005e-16,0.0,4.293071210437817e-16,0.0,0.0,4.853721688585586e-16,1.2497510288116456e-15,0.0,0.0,0.0,1.4878389312837129e-15,0.0,0.0,0.0,3.4053730298733835e-16,3.007644251852221e-16,-8.16947641826027e-17,1.2365988970031228e-16,0.0,-1.6284926812170535e-16,0.0,9.296350105009675e-16,0.0,1.0863738903120176e-15,0.0,-3.7957641023272265e-16,-1.1572830167372214e-15,4.5057321792413203e-17,-6.04215248296248e-16,0.0,0.0,-9.616929949593148e-16,0.0,0.0,-1.523665158854398e-16,0.0,-9.870153550545677e-16,0.0,0.0,,,,,,,,,,,,,,,,,,,,,,,,,,,,,,,,,,,,,,,,,,,,,,,,,,,,,,,,,,,,
0.0,0.0,0.0,0.0,0.0,0.0,0.0,0.0,0.0,0.0,0.0,0.0,0.0,0.0,0.0,0.0,0.0,0.0,0.0,0.0,0.0,0.0,0.0,0.0,0.0,0.0,0.0,0.0,0.0,0.0,0.0,0.0,0.0,0.0,0.0,0.0,0.0,0.0,0.0,0.0,,,,,,,,,,,,,,,,,,,,,,,,,,,,,,,,,,,,,,,,,,,,,,,,,,,,,,,,,,,,
0.0,0.0,0.0,0.0,0.0,0.0,0.0,0.0,0.0,0.0,0.0,0.0,0.0,0.0,0.0,0.0,0.0,0.0,0.0,0.0,0.0,0.0,0.0,0.0,0.0,0.0,0.0,0.0,0.0,0.0,0.0,0.0,0.0,0.0,0.0,0.0,0.0,0.0,0.0,0.0,,,,,,,,,,,,,,,,,,,,,,,,,,,,,,,,,,,,,,,,,,,,,,,,,,,,,,,,,,,,
0.0,0.0,0.0,0.0,0.0,0.0,0.0,0.0,0.0,0.0,0.0,0.0,0.0,0.0,0.0,0.0,0.0,0.0,0.0,0.0,0.0,0.0,0.0,0.0,0.0,0.0,0.0,0.0,0.0,0.0,0.0,0.0,0.0,0.0,0.0,0.0,0.0,0.0,0.0,0.0,,,,,,,,,,,,,,,,,,,,,,,,,,,,,,,,,,,,,,,,,,,,,,,,,,,,,,,,,,,,
-5.828257677150005e-16,-2.977298524237647e-16,0.0,3.4899227643368055e-16,0.0,0.0,3.945686661699382e-16,1.0159474072078824e-15,0.0,0.0,0.0,1.2094937869488627e-15,0.0,0.0,0.0,2.7682953008370237e-16,2.4449736859816386e-16,-6.64112946821854e-17,1.0052557783137412e-16,0.0,-1.3238340109330912e-16,0.0,7.557187446096299e-16,0.0,8.831348898110623e-16,0.0,-3.085651949251803e-16,-9.407783255660724e-16,3.662799085211431e-17,-4.911785633701252e-16,0.0,0.0,-7.817793162274326e-16,0.0,0.0,-1.2386176381571202e-16,0.0,-8.023643651612343e-16,0.0,0.0,,,,,,,,,,,,,,,,,,,,,,,,,,,,,,,,,,,,,,,,,,,,,,,,,,,,,,,,,,,,
-3.892212750043864e-16,-1.9882921995980065e-16,0.0,2.330631662576444e-16,0.0,0.0,2.6349987909000754e-16,6.78467506200267e-16,0.0,0.0,0.0,8.077211749092058e-16,0.0,0.0,0.0,1.8487161794591774e-16,1.632796331467784e-16,-4.4350627962509944e-17,6.713274488099318e-17,0.0,-8.840795829080618e-17,0.0,5.046822388702427e-16,0.0,5.897729765119187e-16,0.0,-2.06065251818935e-16,-6.28268274426011e-16,2.446081503259865e-17,-3.280176637338173e-16,0.0,0.0,-5.220859459029494e-16,0.0,0.0,-8.27170593806311e-17,0.0,-5.35833002803769e-16,0.0,0.0,,,,,,,,,,,,,,,,,,,,,,,,,,,,,,,,,,,,,,,,,,,,,,,,,,,,,,,,,,,,
-7.637886588971506e-16,-3.9017266787626456e-16,0.0,4.573516778913068e-16,0.0,0.0,5.170791839871808e-16,1.3313912161151934e-15,0.0,0.0,0.0,1.5850322491744072e-15,0.0,0.0,0.0,3.6278295716868923e-16,3.2041190971637193e-16,-8.703148781461184e-17,1.317379919177349e-16,0.0,-1.734874227982761e-16,0.0,9.903635673347247e-16,0.0,1.157341439721512e-15,0.0,-4.0437230038443877e-16,-1.2328827162545572e-15,4.800069859765305e-17,-6.436857067358544e-16,0.0,0.0,-1.0245157447926508e-15,0.0,0.0,-1.6231988308330832e-16,0.0,-1.0514922921407922e-15,0.0,0.0,,,,,,,,,,,,,,,,,,,,,,,,,,,,,,,,,,,,,,,,,,,,,,,,,,,,,,,,,,,,
-2.1174879311339079e-16,-1.0816944002274855e-16,0.0,1.2679379916651673e-16,0.0,0.0,1.433523421406106e-16,3.691079723299798e-16,0.0,0.0,0.0,4.3942609241292587e-16,0.0,0.0,0.0,1.0057605915947629e-16,8.882933045845935e-17,-2.4128156778625852e-17,3.652235532803099e-17,0.0,-4.809675028551876e-17,0.0,2.7456324165562e-16,0.0,3.208553180601023e-16,0.0,-1.121060722458573e-16,-3.4179798845692887e-16,1.3307463888412262e-17,-1.7845207565985978e-16,0.0,0.0,-2.8403141360956357e-16,0.0,0.0,-4.500071968969302e-17,0.0,-2.9151025121312685e-16,0.0,0.0,,,,,,,,,,,,,,,,,,,,,,,,,,,,,,,,,,,,,,,,,,,,,,,,,,,,,,,,,,,,
-8.275502138175776e-16,-4.22744526205719e-16,0.0,4.955316819907691e-16,0.0,0.0,5.602452776492861e-16,1.4425365874925056e-15,0.0,0.0,0.0,1.7173517326193569e-15,0.0,0.0,0.0,3.930683053186689e-16,3.471600963260534e-16,-9.429693084712627e-17,1.4273556187235832e-16,0.0,-1.8797026135302502e-16,0.0,1.07303973731214e-15,0.0,1.253957026914233e-15,0.0,-4.381295529161678e-16,-1.3358045364559954e-15,5.2007826936364414e-17,-6.974209920971139e-16,0.0,0.0,-1.110042959903127e-15,0.0,0.0,-1.7587044843843927e-16,0.0,-1.139271526295104e-15,0.0,0.0,,,,,,,,,,,,,,,,,,,,,,,,,,,,,,,,,,,,,,,,,,,,,,,,,,,,,,,,,,,,
0.0,0.0,0.0,0.0,0.0,0.0,0.0,0.0,0.0,0.0,0.0,0.0,0.0,0.0,0.0,0.0,0.0,0.0,0.0,0.0,0.0,0.0,0.0,0.0,0.0,0.0,0.0,0.0,0.0,0.0,0.0,0.0,0.0,0.0,0.0,0.0,0.0,0.0,0.0,0.0,,,,,,,,,,,,,,,,,,,,,,,,,,,,,,,,,,,,,,,,,,,,,,,,,,,,,,,,,,,,
-9.56015912888502e-16,-4.883697537516041e-16,0.0,5.724561064858945e-16,0.0,0.0,6.472155908008999e-16,1.6664703960438028e-15,0.0,0.0,0.0,1.9839467829231466e-15,0.0,0.0,0.0,4.540867109480311e-16,4.010518888957391e-16,-1.0893522220305001e-16,1.648932792314354e-16,0.0,-2.171500387563377e-16,0.0,1.2396142818932767e-15,0.0,1.4486164728036946e-15,0.0,-5.061430925893197e-16,-1.543169673619454e-15,6.008132112799602e-17,-8.05685933366579e-16,0.0,0.0,-1.2823617418473342e-15,0.0,0.0,-2.0317189761617033e-16,0.0,-1.3161276380009274e-15,0.0,0.0,,,,,,,,,,,,,,,,,,,,,,,,,,,,,,,,,,,,,,,,,,,,,,,,,,,,,,,,,,,,
-1.0855068118187038e-16,-5.5451869287600124e-17,0.0,6.499944139843253e-17,0.0,0.0,7.348799565552642e-17,1.8921912723546228e-16,0.0,0.0,0.0,2.2526693521680394e-16,0.0,0.0,0.0,5.1559206415419357e-17,4.553737562523773e-17,-1.2369033208988658e-17,1.8722782269181983e-17,0.0,-2.4656268068227366e-17,0.0,1.4075181478489032e-16,0.0,1.6448293671076054e-16,0.0,-5.746994033819698e-17,-1.7521896549240062e-16,6.821924454212824e-18,-9.148148655951627e-17,0.0,0.0,-1.4560556861288633e-16,0.0,0.0,-2.3069122162008067e-17,0.0,-1.4943951214748137e-16,0.0,0.0,,,,,,,,,,,,,,,,,,,,,,,,,,,,,,,,,,,,,,,,,,,,,,,,,,,,,,,,,,,,
0.0,0.0,0.0,0.0,0.0,0.0,0.0,0.0,0.0,0.0,0.0,0.0,0.0,0.0,0.0,0.0,0.0,0.0,0.0,0.0,0.0,0.0,0.0,0.0,0.0,0.0,0.0,0.0,0.0,0.0,0.0,0.0,0.0,0.0,0.0,0.0,0.0,0.0,0.0,0.0,,,,,,,,,,,,,,,,,,,,,,,,,,,,,,,,,,,,,,,,,,,,,,,,,,,,,,,,,,,,
0.0,0.0,0.0,0.0,0.0,0.0,0.0,0.0,0.0,0.0,0.0,0.0,0.0,0.0,0.0,0.0,0.0,0.0,0.0,0.0,0.0,0.0,0.0,0.0,0.0,0.0,0.0,0.0,0.0,0.0,0.0,0.0,0.0,0.0,0.0,0.0,0.0,0.0,0.0,0.0,,,,,,,,,,,,,,,,,,,,,,,,,,,,,,,,,,,,,,,,,,,,,,,,,,,,,,,,,,,,
0.0,0.0,0.0,0.0,0.0,0.0,0.0,0.0,0.0,0.0,0.0,0.0,0.0,0.0,0.0,0.0,0.0,0.0,0.0,0.0,0.0,0.0,0.0,0.0,0.0,0.0,0.0,0.0,0.0,0.0,0.0,0.0,0.0,0.0,0.0,0.0,0.0,0.0,0.0,0.0,,,,,,,,,,,,,,,,,,,,,,,,,,,,,,,,,,,,,,,,,,,,,,,,,,,,,,,,,,,,
0.0,0.0,0.0,0.0,0.0,0.0,0.0,0.0,0.0,0.0,0.0,0.0,0.0,0.0,0.0,0.0,0.0,0.0,0.0,0.0,0.0,0.0,0.0,0.0,0.0,0.0,0.0,0.0,0.0,0.0,0.0,0.0,0.0,0.0,0.0,0.0,0.0,0.0,0.0,0.0,,,,,,,,,,,,,,,,,,,,,,,,,,,,,,,,,,,,,,,,,,,,,,,,,,,,,,,,,,,,
0.0,0.0,0.0,0.0,0.0,0.0,0.0,0.0,0.0,0.0,0.0,0.0,0.0,0.0,0.0,0.0,0.0,0.0,0.0,0.0,0.0,0.0,0.0,0.0,0.0,0.0,0.0,0.0,0.0,0.0,0.0,0.0,0.0,0.0,0.0,0.0,0.0,0.0,0.0,0.0,,,,,,,,,,,,,,,,,,,,,,,,,,,,,,,,,,,,,,,,,,,,,,,,,,,,,,,,,,,,
0.0,0.0,0.0,0.0,0.0,0.0,0.0,0.0,0.0,0.0,0.0,0.0,0.0,0.0,0.0,0.0,0.0,0.0,0.0,0.0,0.0,0.0,0.0,0.0,0.0,0.0,0.0,0.0,0.0,0.0,0.0,0.0,0.0,0.0,0.0,0.0,0.0,0.0,0.0,0.0,,,,,,,,,,,,,,,,,,,,,,,,,,,,,,,,,,,,,,,,,,,,,,,,,,,,,,,,,,,,
-1.5156597539123483e-16,-7.742573850606171e-17,0.0,9.075671960945944e-17,0.0,0.0,1.0260902667589111e-16,2.6420084397324693e-16,0.0,0.0,0.0,3.14533288854491e-16,0.0,0.0,0.0,7.199053313777093e-17,6.358243613259724e-17,-1.727050040179802e-17,2.6142044672311364e-17,0.0,-3.4426788285256586e-17,0.0,1.96527427222827e-16,0.0,2.2966246242169926e-16,0.0,-8.024350900609255e-17,-2.446528489987429e-16,9.525243164671848e-18,-1.2773278425957007e-16,0.0,0.0,-2.0330457431430027e-16,0.0,0.0,-3.2210705302218517e-17,0.0,-2.0865779167865952e-16,0.0,0.0,,,,,,,,,,,,,,,,,,,,,,,,,,,,,,,,,,,,,,,,,,,,,,,,,,,,,,,,,,,,
0.0,0.0,0.0,0.0,0.0,0.0,0.0,0.0,0.0,0.0,0.0,0.0,0.0,0.0,0.0,0.0,0.0,0.0,0.0,0.0,0.0,0.0,0.0,0.0,0.0,0.0,0.0,0.0,0.0,0.0,0.0,0.0,0.0,0.0,0.0,0.0,0.0,0.0,0.0,0.0,,,,,,,,,,,,,,,,,,,,,,,,,,,,,,,,,,,,,,,,,,,,,,,,,,,,,,,,,,,,
0.0,0.0,0.0,0.0,0.0,0.0,0.0,0.0,0.0,0.0,0.0,0.0,0.0,0.0,0.0,0.0,0.0,0.0,0.0,0.0,0.0,0.0,0.0,0.0,0.0,0.0,0.0,0.0,0.0,0.0,0.0,0.0,0.0,0.0,0.0,0.0,0.0,0.0,0.0,0.0,,,,,,,,,,,,,,,,,,,,,,,,,,,,,,,,,,,,,,,,,,,,,,,,,,,,,,,,,,,,
0.0,0.0,0.0,0.0,0.0,0.0,0.0,0.0,0.0,0.0,0.0,0.0,0.0,0.0,0.0,0.0,0.0,0.0,0.0,0.0,0.0,0.0,0.0,0.0,0.0,0.0,0.0,0.0,0.0,0.0,0.0,0.0,0.0,0.0,0.0,0.0,0.0,0.0,0.0,0.0,,,,,,,,,,,,,,,,,,,,,,,,,,,,,,,,,,,,,,,,,,,,,,,,,,,,,,,,,,,,
-1.5475477143702751e-15,-7.905469835772633e-16,0.0,9.266614992766063e-16,0.0,0.0,1.0476781764254522e-15,2.6975936463979028e-15,0.0,0.0,0.0,3.2115075365937476e-15,0.0,0.0,0.0,7.350514172199746e-16,6.492014679224979e-16,-1.7633854401585622e-16,2.6692047062127566e-16,0.0,-3.515109336804311e-16,0.0,2.0066216710227755e-15,0.0,2.3449433019510246e-15,0.0,-8.193175192181726e-16,-2.4980009946485394e-15,9.725644723533034e-17,-1.3042015387741217e-15,0.0,0.0,-2.0758189856858338e-15,0.0,0.0,-3.2888386222588516e-16,0.0,-2.1304774225504216e-15,0.0,0.0,,,,,,,,,,,,,,,,,,,,,,,,,,,,,,,,,,,,,,,,,,,,,,,,,,,,,,,,,,,,
0.0,0.0,0.0,0.0,0.0,0.0,0.0,0.0,0.0,0.0,0.0,0.0,0.0,0.0,0.0,0.0,0.0,0.0,0.0,0.0,0.0,0.0,0.0,0.0,0.0,0.0,0.0,0.0,0.0,0.0,0.0,0.0,0.0,0.0,0.0,0.0,0.0,0.0,0.0,0.0,,,,,,,,,,,,,,,,,,,,,,,,,,,,,,,,,,,,,,,,,,,,,,,,,,,,,,,,,,,,
-1.8017979764633038e-16,-9.204278110987343e-17,0.0,1.0789049014507794e-16,0.0,0.0,1.2198036937660981e-16,3.1407876657152624e-16,0.0,0.0,0.0,3.7391336804021513e-16,0.0,0.0,0.0,8.558147473225805e-17,7.55860307477335e-17,-2.0530961910246728e-17,3.107734639624659e-17,0.0,-4.092614936062566e-17,0.0,2.3362942756485365e-16,0.0,2.730199564861759e-16,0.0,-9.53925125862079e-17,-2.9084034667018666e-16,1.1323493821832507e-17,-1.518471884028312e-16,0.0,0.0,-2.416860180259321e-16,0.0,0.0,-3.829169672426987e-17,0.0,-2.480498580565017e-16,0.0,0.0,,,,,,,,,,,,,,,,,,,,,,,,,,,,,,,,,,,,,,,,,,,,,,,,,,,,,,,,,,,,
0.0,0.0,0.0,0.0,,,,,,,,,,,,,,,,,,,,,,,,,,,,,,,,,,,,,,,,,,,,,,,,,,,,,,,,,,,,,,,,,,,,,,,,,,,,,,,,,,,,,,,,,,,,,,,,
0.0,0.0,0.0,0.0,,,,,,,,,,,,,,,,,,,,,,,,,,,,,,,,,,,,,,,,,,,,,,,,,,,,,,,,,,,,,,,,,,,,,,,,,,,,,,,,,,,,,,,,,,,,,,,,
5.0758012004287435e-15,2.9285987125997102e-67,3.972586982158273e-77,-2.9933714668511474e-15,,,,,,,,,,,,,,,,,,,,,,,,,,,,,,,,,,,,,,,,,,,,,,,,,,,,,,,,,,,,,,,,,,,,,,,,,,,,,,,,,,,,,,,,,,,,,,,,
0.0,0.0,0.0,0.0,,,,,,,,,,,,,,,,,,,,,,,,,,,,,,,,,,,,,,,,,,,,,,,,,,,,,,,,,,,,,,,,,,,,,,,,,,,,,,,,,,,,,,,,,,,,,,,,
3.3264234531834118e-15,1.919255514130765e-67,2.6034326376190985e-77,-1.96170430208784e-15,,,,,,,,,,,,,,,,,,,,,,,,,,,,,,,,,,,,,,,,,,,,,,,,,,,,,,,,,,,,,,,,,,,,,,,,,,,,,,,,,,,,,,,,,,,,,,,,
0.0,0.0,0.0,0.0,,,,,,,,,,,,,,,,,,,,,,,,,,,,,,,,,,,,,,,,,,,,,,,,,,,,,,,,,,,,,,,,,,,,,,,,,,,,,,,,,,,,,,,,,,,,,,,,
0.0,0.0,0.0,0.0,,,,,,,,,,,,,,,,,,,,,,,,,,,,,,,,,,,,,,,,,,,,,,,,,,,,,,,,,,,,,,,,,,,,,,,,,,,,,,,,,,,,,,,,,,,,,,,,
1.1304817079721245e-14,6.522570809717754e-67,8.847739971137504e-77,-6.666832594143113e-15,,,,,,,,,,,,,,,,,,,,,,,,,,,,,,,,,,,,,,,,,,,,,,,,,,,,,,,,,,,,,,,,,,,,,,,,,,,,,,,,,,,,,,,,,,,,,,,,
0.0,0.0,0.0,0.0,,,,,,,,,,,,,,,,,,,,,,,,,,,,,,,,,,,,,,,,,,,,,,,,,,,,,,,,,,,,,,,,,,,,,,,,,,,,,,,,,,,,,,,,,,,,,,,,
0.0,0.0,0.0,0.0,,,,,,,,,,,,,,,,,,,,,,,,,,,,,,,,,,,,,,,,,,,,,,,,,,,,,,,,,,,,,,,,,,,,,,,,,,,,,,,,,,,,,,,,,,,,,,,,
9.700302734735122e-16,5.596809839276828e-68,7.591963287243802e-78,-5.720596272273547e-16,,,,,,,,,,,,,,,,,,,,,,,,,,,,,,,,,,,,,,,,,,,,,,,,,,,,,,,,,,,,,,,,,,,,,,,,,,,,,,,,,,,,,,,,,,,,,,,,
4.437498405127841e-15,2.5603154267198137e-67,3.473017894410428e-77,-2.616942741765606e-15,,,,,,,,,,,,,,,,,,,,,,,,,,,,,,,,,,,,,,,,,,,,,,,,,,,,,,,,,,,,,,,,,,,,,,,,,,,,,,,,,,,,,,,,,,,,,,,,
5.347576559503251e-15,3.085405674746828e-67,4.185292565158565e-77,-3.1536465787247445e-15,,,,,,,,,,,,,,,,,,,,,,,,,,,,,,,,,,,,,,,,,,,,,,,,,,,,,,,,,,,,,,,,,,,,,,,,,,,,,,,,,,,,,,,,,,,,,,,,
1.5506195817652246e-15,8.946651635028488e-68,1.2135958288279524e-77,-9.144527590254357e-16,,,,,,,,,,,,,,,,,,,,,,,,,,,,,,,,,,,,,,,,,,,,,,,,,,,,,,,,,,,,,,,,,,,,,,,,,,,,,,,,,,,,,,,,,,,,,,,,
0.0,0.0,0.0,0.0,,,,,,,,,,,,,,,,,,,,,,,,,,,,,,,,,,,,,,,,,,,,,,,,,,,,,,,,,,,,,,,,,,,,,,,,,,,,,,,,,,,,,,,,,,,,,,,,
6.917794864214888e-15,3.9913787663034026e-67,5.414227377640422e-77,-4.079657366864787e-15,,,,,,,,,,,,,,,,,,,,,,,,,,,,,,,,,,,,,,,,,,,,,,,,,,,,,,,,,,,,,,,,,,,,,,,,,,,,,,,,,,,,,,,,,,,,,,,,
0.0,0.0,0.0,0.0,,,,,,,,,,,,,,,,,,,,,,,,,,,,,,,,,,,,,,,,,,,,,,,,,,,,,,,,,,,,,,,,,,,,,,,,,,,,,,,,,,,,,,,,,,,,,,,,
9.310278288488023e-17,5.371776382279894e-69,7.286709795882904e-79,-5.490585678345663e-17,,,,,,,,,,,,,,,,,,,,,,,,,,,,,,,,,,,,,,,,,,,,,,,,,,,,,,,,,,,,,,,,,,,,,,,,,,,,,,,,,,,,,,,,,,,,,,,,
0.0,0.0,0.0,0.0,,,,,,,,,,,,,,,,,,,,,,,,,,,,,,,,,,,,,,,,,,,,,,,,,,,,,,,,,,,,,,,,,,,,,,,,,,,,,,,,,,,,,,,,,,,,,,,,
3.7692602688319415e-15,2.1747602663835707e-67,2.9500198461404204e-77,-2.2228601346530637e-15,,,,,,,,,,,,,,,,,,,,,,,,,,,,,,,,,,,,,,,,,,,,,,,,,,,,,,,,,,,,,,,,,,,,,,,,,,,,,,,,,,,,,,,,,,,,,,,,
0.0,0.0,0.0,0.0,,,,,,,,,,,,,,,,,,,,,,,,,,,,,,,,,,,,,,,,,,,,,,,,,,,,,,,,,,,,,,,,,,,,,,,,,,,,,,,,,,,,,,,,,,,,,,,,
3.640069088502612e-15,2.100220482524472e-67,2.848908084485412e-77,-2.146671730557574e-15,,,,,,,,,,,,,,,,,,,,,,,,,,,,,,,,,,,,,,,,,,,,,,,,,,,,,,,,,,,,,,,,,,,,,,,,,,,,,,,,,,,,,,,,,,,,,,,,
5.6806347450235295e-15,3.2775711546031105e-67,4.445961287169852e-77,-3.3500622439508385e-15,,,,,,,,,,,,,,,,,,,,,,,,,,,,,,,,,,,,,,,,,,,,,,,,,,,,,,,,,,,,,,,,,,,,,,,,,,,,,,,,,,,,,,,,,,,,,,,,
9.995274556708521e-15,5.767000527204385e-67,7.822823632991001e-77,-5.8945511220705975e-15,,,,,,,,,,,,,,,,,,,,,,,,,,,,,,,,,,,,,,,,,,,,,,,,,,,,,,,,,,,,,,,,,,,,,,,,,,,,,,,,,,,,,,,,,,,,,,,,
7.901535549254972e-15,4.558970283381927e-67,6.184154190156168e-77,-4.659802487034359e-15,,,,,,,,,,,,,,,,,,,,,,,,,,,,,,,,,,,,,,,,,,,,,,,,,,,,,,,,,,,,,,,,,,,,,,,,,,,,,,,,,,,,,,,,,,,,,,,,
0.0,0.0,0.0,0.0,,,,,,,,,,,,,,,,,,,,,,,,,,,,,,,,,,,,,,,,,,,,,,,,,,,,,,,,,,,,,,,,,,,,,,,,,,,,,,,,,,,,,,,,,,,,,,,,
0.0,0.0,0.0,0.0,,,,,,,,,,,,,,,,,,,,,,,,,,,,,,,,,,,,,,,,,,,,,,,,,,,,,,,,,,,,,,,,,,,,,,,,,,,,,,,,,,,,,,,,,,,,,,,,
0.0,0.0,0.0,0.0,,,,,,,,,,,,,,,,,,,,,,,,,,,,,,,,,,,,,,,,,,,,,,,,,,,,,,,,,,,,,,,,,,,,,,,,,,,,,,,,,,,,,,,,,,,,,,,,
4.114870053010082e-15,2.3741676759803986e-67,3.22051210446934e-77,-2.426677901695643e-15,,,,,,,,,,,,,,,,,,,,,,,,,,,,,,,,,,,,,,,,,,,,,,,,,,,,,,,,,,,,,,,,,,,,,,,,,,,,,,,,,,,,,,,,,,,,,,,,
0.0,0.0,0.0,0.0,,,,,,,,,,,,,,,,,,,,,,,,,,,,,,,,,,,,,,,,,,,,,,,,,,,,,,,,,,,,,,,,,,,,,,,,,,,,,,,,,,,,,,,,,,,,,,,,
0.0,0.0,0.0,0.0,,,,,,,,,,,,,,,,,,,,,,,,,,,,,,,,,,,,,,,,,,,,,,,,,,,,,,,,,,,,,,,,,,,,,,,,,,,,,,,,,,,,,,,,,,,,,,,,
0.0,0.0,0.0,0.0,,,,,,,,,,,,,,,,,,,,,,,,,,,,,,,,,,,,,,,,,,,,,,,,,,,,,,,,,,,,,,,,,,,,,,,,,,,,,,,,,,,,,,,,,,,,,,,,
1.5868686536902378e-15,9.155798883276825e-68,1.241966244760015e-77,-9.358300615074564e-16,,,,,,,,,,,,,,,,,,,,,,,,,,,,,,,,,,,,,,,,,,,,,,,,,,,,,,,,,,,,,,,,,,,,,,,,,,,,,,,,,,,,,,,,,,,,,,,,
3.478263904880762e-15,2.0068633091964694e-67,2.7222709013649236e-77,-2.051249746772759e-15,,,,,,,,,,,,,,,,,,,,,,,,,,,,,,,,,,,,,,,,,,,,,,,,,,,,,,,,,,,,,,,,,,,,,,,,,,,,,,,,,,,,,,,,,,,,,,,,
0.0,0.0,0.0,0.0,,,,,,,,,,,,,,,,,,,,,,,,,,,,,,,,,,,,,,,,,,,,,,,,,,,,,,,,,,,,,,,,,,,,,,,,,,,,,,,,,,,,,,,,,,,,,,,,
0.0,0.0,0.0,0.0,,,,,,,,,,,,,,,,,,,,,,,,,,,,,,,,,,,,,,,,,,,,,,,,,,,,,,,,,,,,,,,,,,,,,,,,,,,,,,,,,,,,,,,,,,,,,,,,
1.0187675583087197e-14,5.878010666472222e-67,7.973406719791418e-77,-6.00801650808811e-15,,,,,,,,,,,,,,,,,,,,,,,,,,,,,,,,,,,,,,,,,,,,,,,,,,,,,,,,,,,,,,,,,,,,,,,,,,,,,,,,,,,,,,,,,,,,,,,,
0.0,0.0,0.0,0.0,,,,,,,,,,,,,,,,,,,,,,,,,,,,,,,,,,,,,,,,,,,,,,,,,,,,,,,,,,,,,,,,,,,,,,,,,,,,,,,,,,,,,,,,,,,,,,,,
3.3916599882482913e-15,1.9568952137685944e-67,2.6544901553835774e-77,-2.0001764909992082e-15,,,,,,,,,,,,,,,,,,,,,,,,,,,,,,,,,,,,,,,,,,,,,,,,,,,,,,,,,,,,,,,,,,,,,,,,,,,,,,,,,,,,,,,,,,,,,,,,
6.1584168795406236e-15,3.553238401762379e-67,4.819898526423839e-77,-3.631826511770055e-15,,,,,,,,,,,,,,,,,,,,,,,,,,,,,,,,,,,,,,,,,,,,,,,,,,,,,,,,,,,,,,,,,,,,,,,,,,,,,,,,,,,,,,,,,,,,,,,,
