0.0,5.303,0.0,1.0294926,0.0,0.0,-8.007868766784668,-0.621550440788269,-8.26264476776123,0.0,11.039271354675293,0.0,0.0,0.17079919576644897,-10.433954238891602,0.0,0.0,0.0,2.5094995498657227,5.158158302307129,0.0,0.0,-6.469206809997559,12.264660835266113,0.0,12.564811706542969,-11.085420608520508,0.0,0.0,0.0,3.061845064163208,-0.9884572625160217,0.0,-12.875273704528809,0.0,0.0,0.080068439245224,5.9751129150390625,-5.73225212097168,-0.27180302143096924,-5.586815357208252,0.0,-7.212199687957764,-0.9689227938652039,0.0,-2.7941105365753174,0.0,-1.573686122894287,0.0,-10.357731819152832,4.303227424621582,-6.137380599975586,0.0,2.3985722064971924,0.0,0.0,1.4275673627853394,4.341219902038574,0.0,-4.18506383895874,0.8791877627372742,-2.5808186531066895,1.8928683996200562,-8.40765380859375,14.496410369873047,4.248502731323242,0.0,-1.673706293106079,0.0,1.8771430253982544,0.0,0.0,0.0,0.0,0.0,0.0,0.9101496338844299,0.6813758015632629,0.0,0.0,1.87091064453125,2.936420202255249,0.0,0.0,1.5792745351791382,0.0,8.523951530456543,0.0,0.0,0.0,-4.954480171203613,-8.113828659057617,5.106945037841797,10.410107612609863,0.0,1.8236314058303833,4.100732803344727,4.915877342224121,2.3782551288604736,-8.752062797546387
0.0,5.303,0.0,1.0294926,0.0,0.0,-8.007868766784668,-0.621550440788269,-8.26264476776123,0.0,11.039271354675293,0.0,0.0,0.17079919576644897,-10.433954238891602,0.0,0.0,0.0,2.5094995498657227,5.158158302307129,0.0,0.0,-6.469206809997559,12.264660835266113,0.0,12.564811706542969,-11.085420608520508,0.0,0.0,0.0,3.061845064163208,-0.9884572625160217,0.0,-12.875273704528809,0.0,0.0,0.080068439245224,5.9751129150390625,-5.73225212097168,-0.27180302143096924,-5.586815357208252,0.0,-7.212199687957764,-0.9689227938652039,0.0,-2.7941105365753174,0.0,-1.573686122894287,0.0,-10.357731819152832,4.303227424621582,-6.137380599975586,0.0,2.3985722064971924,0.0,0.0,1.4275673627853394,4.341219902038574,0.0,-4.18506383895874,0.8791877627372742,-2.5808186531066895,1.8928683996200562,-8.40765380859375,14.496410369873047,4.248502731323242,0.0,-1.673706293106079,0.0,1.8771430253982544,0.0,0.0,0.0,0.0,0.0,0.0,0.9101496338844299,0.6813758015632629,0.0,0.0,1.87091064453125,2.936420202255249,0.0,0.0,1.5792745351791382,0.0,8.523951530456543,0.0,0.0,0.0,-4.954480171203613,-8.113828659057617,5.106945037841797,10.410107612609863,0.0,1.8236314058303833,4.100732803344727,4.915877342224121,2.3782551288604736,-8.752062797546387
0.0,-5.303,0.0,-1.0294926,0.0,0.0,8.007868766784668,0.621550440788269,8.26264476776123,0.0,-11.039271354675293,0.0,0.0,-0.17079919576644897,10.433954238891602,0.0,0.0,0.0,-2.5094995498657227,-5.158158302307129,0.0,0.0,6.469206809997559,-12.264660835266113,0.0,-12.564811706542969,11.085420608520508,0.0,0.0,0.0,-3.061845064163208,0.9884572625160217,0.0,12.875273704528809,0.0,0.0,-0.080068439245224,-5.9751129150390625,5.73225212097168,0.27180302143096924,5.586815357208252,0.0,7.212199687957764,0.9689227938652039,0.0,2.7941105365753174,0.0,1.573686122894287,0.0,10.357731819152832,-4.303227424621582,6.137380599975586,0.0,-2.3985722064971924,0.0,0.0,-1.4275673627853394,-4.341219902038574,0.0,4.18506383895874,-0.8791877627372742,2.5808186531066895,-1.8928683996200562,8.40765380859375,-14.496410369873047,-4.248502731323242,0.0,1.673706293106079,0.0,-1.8771430253982544,0.0,0.0,0.0,0.0,0.0,0.0,-0.9101496338844299,-0.6813758015632629,0.0,0.0,-1.87091064453125,-2.936420202255249,0.0,0.0,-1.5792745351791382,0.0,-8.523951530456543,0.0,0.0,0.0,4.954480171203613,8.113828659057617,-5.106945037841797,-10.410107612609863,0.0,-1.8236314058303833,-4.100732803344727,-4.915877342224121,-2.3782551288604736,8.752062797546387
0.0,-5.303,0.0,-1.0294926,0.0,0.0,8.007868766784668,0.621550440788269,8.26264476776123,0.0,-11.039271354675293,0.0,0.0,-0.17079919576644897,10.433954238891602,0.0,0.0,0.0,-2.5094995498657227,-5.158158302307129,0.0,0.0,6.469206809997559,-12.264660835266113,0.0,-12.564811706542969,11.085420608520508,0.0,0.0,0.0,-3.061845064163208,0.9884572625160217,0.0,12.875273704528809,0.0,0.0,-0.080068439245224,-5.9751129150390625,5.73225212097168,0.27180302143096924,5.586815357208252,0.0,7.212199687957764,0.9689227938652039,0.0,2.7941105365753174,0.0,1.573686122894287,0.0,10.357731819152832,-4.303227424621582,6.137380599975586,0.0,-2.3985722064971924,0.0,0.0,-1.4275673627853394,-4.341219902038574,0.0,4.18506383895874,-0.8791877627372742,2.5808186531066895,-1.8928683996200562,8.40765380859375,-14.496410369873047,-4.248502731323242,0.0,1.673706293106079,0.0,-1.8771430253982544,0.0,0.0,0.0,0.0,0.0,0.0,-0.9101496338844299,-0.6813758015632629,0.0,0.0,-1.87091064453125,-2.936420202255249,0.0,0.0,-1.5792745351791382,0.0,-8.523951530456543,0.0,0.0,0.0,4.954480171203613,8.113828659057617,-5.106945037841797,-10.410107612609863,0.0,-1.8236314058303833,-4.100732803344727,-4.915877342224121,-2.3782551288604736,8.752062797546387
0.0,5.303,0.0,1.0294926,0.0,0.0,-8.007868766784668,-0.621550440788269,-8.26264476776123,0.0,11.039271354675293,0.0,0.0,0.17079919576644897,-10.433954238891602,0.0,0.0,0.0,2.5094995498657227,5.158158302307129,0.0,0.0,-6.469206809997559,12.264660835266113,0.0,12.564811706542969,-11.085420608520508,0.0,0.0,0.0,3.061845064163208,-0.9884572625160217,0.0,-12.875273704528809,0.0,0.0,0.080068439245224,5.9751129150390625,-5.73225212097168,-0.27180302143096924,-5.586815357208252,0.0,-7.212199687957764,-0.9689227938652039,0.0,-2.7941105365753174,0.0,-1.573686122894287,0.0,-10.357731819152832,4.303227424621582,-6.137380599975586,0.0,2.3985722064971924,0.0,0.0,1.4275673627853394,4.341219902038574,0.0,-4.18506383895874,0.8791877627372742,-2.5808186531066895,1.8928683996200562,-8.40765380859375,14.496410369873047,4.248502731323242,0.0,-1.673706293106079,0.0,1.8771430253982544,0.0,0.0,0.0,0.0,0.0,0.0,0.9101496338844299,0.6813758015632629,0.0,0.0,1.87091064453125,2.936420202255249,0.0,0.0,1.5792745351791382,0.0,8.523951530456543,0.0,0.0,0.0,-4.954480171203613,-8.113828659057617,5.106945037841797,10.410107612609863,0.0,1.8236314058303833,4.100732803344727,4.915877342224121,2.3782551288604736,-8.752062797546387
0.0,5.303,0.0,1.0294926,0.0,0.0,-8.007868766784668,-0.621550440788269,-8.26264476776123,0.0,11.039271354675293,0.0,0.0,0.17079919576644897,-10.433954238891602,0.0,0.0,0.0,2.5094995498657227,5.158158302307129,0.0,0.0,-6.469206809997559,12.264660835266113,0.0,12.564811706542969,-11.085420608520508,0.0,0.0,0.0,3.061845064163208,-0.9884572625160217,0.0,-12.875273704528809,0.0,0.0,0.080068439245224,5.9751129150390625,-5.73225212097168,-0.27180302143096924,-5.586815357208252,0.0,-7.212199687957764,-0.9689227938652039,0.0,-2.7941105365753174,0.0,-1.573686122894287,0.0,-10.357731819152832,4.303227424621582,-6.137380599975586,0.0,2.3985722064971924,0.0,0.0,1.4275673627853394,4.341219902038574,0.0,-4.18506383895874,0.8791877627372742,-2.5808186531066895,1.8928683996200562,-8.40765380859375,14.496410369873047,4.248502731323242,0.0,-1.673706293106079,0.0,1.8771430253982544,0.0,0.0,0.0,0.0,0.0,0.0,0.9101496338844299,0.6813758015632629,0.0,0.0,1.87091064453125,2.936420202255249,0.0,0.0,1.5792745351791382,0.0,8.523951530456543,0.0,0.0,0.0,-4.954480171203613,-8.113828659057617,5.106945037841797,10.410107612609863,0.0,1.8236314058303833,4.100732803344727,4.915877342224121,2.3782551288604736,-8.752062797546387
0.0,-5.303,0.0,-1.0294926,0.0,0.0,8.007868766784668,0.621550440788269,8.26264476776123,0.0,-11.039271354675293,0.0,0.0,-0.17079919576644897,10.433954238891602,0.0,0.0,0.0,-2.5094995498657227,-5.158158302307129,0.0,0.0,6.469206809997559,-12.264660835266113,0.0,-12.564811706542969,11.085420608520508,0.0,0.0,0.0,-3.061845064163208,0.9884572625160217,0.0,12.875273704528809,0.0,0.0,-0.080068439245224,-5.9751129150390625,5.73225212097168,0.27180302143096924,5.586815357208252,0.0,7.212199687957764,0.9689227938652039,0.0,2.7941105365753174,0.0,1.573686122894287,0.0,10.357731819152832,-4.303227424621582,6.137380599975586,0.0,-2.3985722064971924,0.0,0.0,-1.4275673627853394,-4.341219902038574,0.0,4.18506383895874,-0.8791877627372742,2.5808186531066895,-1.8928683996200562,8.40765380859375,-14.496410369873047,-4.248502731323242,0.0,1.673706293106079,0.0,-1.8771430253982544,0.0,0.0,0.0,0.0,0.0,0.0,-0.9101496338844299,-0.6813758015632629,0.0,0.0,-1.87091064453125,-2.936420202255249,0.0,0.0,-1.5792745351791382,0.0,-8.523951530456543,0.0,0.0,0.0,4.954480171203613,8.113828659057617,-5.106945037841797,-10.410107612609863,0.0,-1.8236314058303833,-4.100732803344727,-4.915877342224121,-2.3782551288604736,8.752062797546387
0.0,5.303,0.0,1.0294926,0.0,0.0,-8.007868766784668,-0.621550440788269,-8.26264476776123,0.0,11.039271354675293,0.0,0.0,0.17079919576644897,-10.433954238891602,0.0,0.0,0.0,2.5094995498657227,5.158158302307129,0.0,0.0,-6.469206809997559,12.264660835266113,0.0,12.564811706542969,-11.085420608520508,0.0,0.0,0.0,3.061845064163208,-0.9884572625160217,0.0,-12.875273704528809,0.0,0.0,0.080068439245224,5.9751129150390625,-5.73225212097168,-0.27180302143096924,-5.586815357208252,0.0,-7.212199687957764,-0.9689227938652039,0.0,-2.7941105365753174,0.0,-1.573686122894287,0.0,-10.357731819152832,4.303227424621582,-6.137380599975586,0.0,2.3985722064971924,0.0,0.0,1.4275673627853394,4.341219902038574,0.0,-4.18506383895874,0.8791877627372742,-2.5808186531066895,1.8928683996200562,-8.40765380859375,14.496410369873047,4.248502731323242,0.0,-1.673706293106079,0.0,1.8771430253982544,0.0,0.0,0.0,0.0,0.0,0.0,0.9101496338844299,0.6813758015632629,0.0,0.0,1.87091064453125,2.936420202255249,0.0,0.0,1.5792745351791382,0.0,8.523951530456543,0.0,0.0,0.0,-4.954480171203613,-8.113828659057617,5.106945037841797,10.410107612609863,0.0,1.8236314058303833,4.100732803344727,4.915877342224121,2.3782551288604736,-8.752062797546387
0.0,-5.303,0.0,-1.0294926,0.0,0.0,8.007868766784668,0.621550440788269,8.26264476776123,0.0,-11.039271354675293,0.0,0.0,-0.17079919576644897,10.433954238891602,0.0,0.0,0.0,-2.5094995498657227,-5.158158302307129,0.0,0.0,6.469206809997559,-12.264660835266113,0.0,-12.564811706542969,11.085420608520508,0.0,0.0,0.0,-3.061845064163208,0.9884572625160217,0.0,12.875273704528809,0.0,0.0,-0.080068439245224,-5.9751129150390625,5.73225212097168,0.27180302143096924,5.586815357208252,0.0,7.212199687957764,0.9689227938652039,0.0,2.7941105365753174,0.0,1.573686122894287,0.0,10.357731819152832,-4.303227424621582,6.137380599975586,0.0,-2.3985722064971924,0.0,0.0,-1.4275673627853394,-4.341219902038574,0.0,4.18506383895874,-0.8791877627372742,2.5808186531066895,-1.8928683996200562,8.40765380859375,-14.496410369873047,-4.248502731323242,0.0,1.673706293106079,0.0,-1.8771430253982544,0.0,0.0,0.0,0.0,0.0,0.0,-0.9101496338844299,-0.6813758015632629,0.0,0.0,-1.87091064453125,-2.936420202255249,0.0,0.0,-1.5792745351791382,0.0,-8.523951530456543,0.0,0.0,0.0,4.954480171203613,8.113828659057617,-5.106945037841797,-10.410107612609863,0.0,-1.8236314058303833,-4.100732803344727,-4.915877342224121,-2.3782551288604736,8.752062797546387
0.0,-5.303,0.0,-1.0294926,0.0,0.0,8.007868766784668,0.621550440788269,8.26264476776123,0.0,-11.039271354675293,0.0,0.0,-0.17079919576644897,10.433954238891602,0.0,0.0,0.0,-2.5094995498657227,-5.158158302307129,0.0,0.0,6.469206809997559,-12.264660835266113,0.0,-12.564811706542969,11.085420608520508,0.0,0.0,0.0,-3.061845064163208,0.9884572625160217,0.0,12.875273704528809,0.0,0.0,-0.080068439245224,-5.9751129150390625,5.73225212097168,0.27180302143096924,5.586815357208252,0.0,7.212199687957764,0.9689227938652039,0.0,2.7941105365753174,0.0,1.573686122894287,0.0,10.357731819152832,-4.303227424621582,6.137380599975586,0.0,-2.3985722064971924,0.0,0.0,-1.4275673627853394,-4.341219902038574,0.0,4.18506383895874,-0.8791877627372742,2.5808186531066895,-1.8928683996200562,8.40765380859375,-14.496410369873047,-4.248502731323242,0.0,1.673706293106079,0.0,-1.8771430253982544,0.0,0.0,0.0,0.0,0.0,0.0,-0.9101496338844299,-0.6813758015632629,0.0,0.0,-1.87091064453125,-2.936420202255249,0.0,0.0,-1.5792745351791382,0.0,-8.523951530456543,0.0,0.0,0.0,4.954480171203613,8.113828659057617,-5.106945037841797,-10.410107612609863,0.0,-1.8236314058303833,-4.100732803344727,-4.915877342224121,-2.3782551288604736,8.752062797546387
0.0,5.303,0.0,1.0294926,0.0,0.0,-8.007868766784668,-0.621550440788269,-8.26264476776123,0.0,11.039271354675293,0.0,0.0,0.17079919576644897,-10.433954238891602,0.0,0.0,0.0,2.5094995498657227,5.158158302307129,0.0,0.0,-6.469206809997559,12.264660835266113,0.0,12.564811706542969,-11.085420608520508,0.0,0.0,0.0,3.061845064163208,-0.9884572625160217,0.0,-12.875273704528809,0.0,0.0,0.080068439245224,5.9751129150390625,-5.73225212097168,-0.27180302143096924,-5.586815357208252,0.0,-7.212199687957764,-0.9689227938652039,0.0,-2.7941105365753174,0.0,-1.573686122894287,0.0,-10.357731819152832,4.303227424621582,-6.137380599975586,0.0,2.3985722064971924,0.0,0.0,1.4275673627853394,4.341219902038574,0.0,-4.18506383895874,0.8791877627372742,-2.5808186531066895,1.8928683996200562,-8.40765380859375,14.496410369873047,4.248502731323242,0.0,-1.673706293106079,0.0,1.8771430253982544,0.0,0.0,0.0,0.0,0.0,0.0,0.9101496338844299,0.6813758015632629,0.0,0.0,1.87091064453125,2.936420202255249,0.0,0.0,1.5792745351791382,0.0,8.523951530456543,0.0,0.0,0.0,-4.954480171203613,-8.113828659057617,5.106945037841797,10.410107612609863,0.0,1.8236314058303833,4.100732803344727,4.915877342224121,2.3782551288604736,-8.752062797546387
0.0,5.303,0.0,1.0294926,0.0,0.0,-8.007868766784668,-0.621550440788269,-8.26264476776123,0.0,11.039271354675293,0.0,0.0,0.17079919576644897,-10.433954238891602,0.0,0.0,0.0,2.5094995498657227,5.158158302307129,0.0,0.0,-6.469206809997559,12.264660835266113,0.0,12.564811706542969,-11.085420608520508,0.0,0.0,0.0,3.061845064163208,-0.9884572625160217,0.0,-12.875273704528809,0.0,0.0,0.080068439245224,5.9751129150390625,-5.73225212097168,-0.27180302143096924,-5.586815357208252,0.0,-7.212199687957764,-0.9689227938652039,0.0,-2.7941105365753174,0.0,-1.573686122894287,0.0,-10.357731819152832,4.303227424621582,-6.137380599975586,0.0,2.3985722064971924,0.0,0.0,1.4275673627853394,4.341219902038574,0.0,-4.18506383895874,0.8791877627372742,-2.5808186531066895,1.8928683996200562,-8.40765380859375,14.496410369873047,4.248502731323242,0.0,-1.673706293106079,0.0,1.8771430253982544,0.0,0.0,0.0,0.0,0.0,0.0,0.9101496338844299,0.6813758015632629,0.0,0.0,1.87091064453125,2.936420202255249,0.0,0.0,1.5792745351791382,0.0,8.523951530456543,0.0,0.0,0.0,-4.954480171203613,-8.113828659057617,5.106945037841797,10.410107612609863,0.0,1.8236314058303833,4.100732803344727,4.915877342224121,2.3782551288604736,-8.752062797546387
0.0,5.303,0.0,1.0294926,0.0,0.0,-8.007868766784668,-0.621550440788269,-8.26264476776123,0.0,11.039271354675293,0.0,0.0,0.17079919576644897,-10.433954238891602,0.0,0.0,0.0,2.5094995498657227,5.158158302307129,0.0,0.0,-6.469206809997559,12.264660835266113,0.0,12.564811706542969,-11.085420608520508,0.0,0.0,0.0,3.061845064163208,-0.9884572625160217,0.0,-12.875273704528809,0.0,0.0,0.080068439245224,5.9751129150390625,-5.73225212097168,-0.27180302143096924,-5.586815357208252,0.0,-7.212199687957764,-0.9689227938652039,0.0,-2.7941105365753174,0.0,-1.573686122894287,0.0,-10.357731819152832,4.303227424621582,-6.137380599975586,0.0,2.3985722064971924,0.0,0.0,1.4275673627853394,4.341219902038574,0.0,-4.18506383895874,0.8791877627372742,-2.5808186531066895,1.8928683996200562,-8.40765380859375,14.496410369873047,4.248502731323242,0.0,-1.673706293106079,0.0,1.8771430253982544,0.0,0.0,0.0,0.0,0.0,0.0,0.9101496338844299,0.6813758015632629,0.0,0.0,1.87091064453125,2.936420202255249,0.0,0.0,1.5792745351791382,0.0,8.523951530456543,0.0,0.0,0.0,-4.954480171203613,-8.113828659057617,5.106945037841797,10.410107612609863,0.0,1.8236314058303833,4.100732803344727,4.915877342224121,2.3782551288604736,-8.752062797546387
0.0,-5.303,0.0,-1.0294926,0.0,0.0,8.007868766784668,0.621550440788269,8.26264476776123,0.0,-11.039271354675293,0.0,0.0,-0.17079919576644897,10.433954238891602,0.0,0.0,0.0,-2.5094995498657227,-5.158158302307129,0.0,0.0,6.469206809997559,-12.264660835266113,0.0,-12.564811706542969,11.085420608520508,0.0,0.0,0.0,-3.061845064163208,0.9884572625160217,0.0,12.875273704528809,0.0,0.0,-0.080068439245224,-5.9751129150390625,5.73225212097168,0.27180302143096924,5.586815357208252,0.0,7.212199687957764,0.9689227938652039,0.0,2.7941105365753174,0.0,1.573686122894287,0.0,10.357731819152832,-4.303227424621582,6.137380599975586,0.0,-2.3985722064971924,0.0,0.0,-1.4275673627853394,-4.341219902038574,0.0,4.18506383895874,-0.8791877627372742,2.5808186531066895,-1.8928683996200562,8.40765380859375,-14.496410369873047,-4.248502731323242,0.0,1.673706293106079,0.0,-1.8771430253982544,0.0,0.0,0.0,0.0,0.0,0.0,-0.9101496338844299,-0.6813758015632629,0.0,0.0,-1.87091064453125,-2.936420202255249,0.0,0.0,-1.5792745351791382,0.0,-8.523951530456543,0.0,0.0,0.0,4.954480171203613,8.113828659057617,-5.106945037841797,-10.410107612609863,0.0,-1.8236314058303833,-4.100732803344727,-4.915877342224121,-2.3782551288604736,8.752062797546387
-0.12763655,0.0,0.15059018,0.0,0.0,-0.022084444761276245,0.8423279523849487,-0.19778919219970703,0.10461294651031494,0.580549418926239,0.39939409494400024,-0.2964543402194977,0.6929967999458313,0.0,0.3212334215641022,0.0,0.06691165268421173,0.023188650608062744,0.009533634409308434,0.0,0.3529691994190216,0.0,0.0,0.29866766929626465,0.0,-0.5177772045135498,0.5759736895561218,0.7537776827812195,0.0,0.47829049825668335,0.0,0.0,-0.16134299337863922,-0.37493789196014404,-0.24509742856025696,-0.47445255517959595,0.0,-0.04029667377471924,0.0,0.0,,,,,,,,,,,,,,,,,,,,,,,,,,,,,,,,,,,,,,,,,,,,,,,,,,,,,,,,,,,,
-0.3128929,0.0,0.36916226,0.0,0.0,-0.05413861572742462,2.064913511276245,-0.484867662191391,0.2564519941806793,1.423180103302002,0.9790893197059631,-0.7267390489578247,1.6988377571105957,0.0,0.7874833941459656,0.0,0.16402967274188995,0.05684550851583481,0.023371098563075066,0.0,0.8652816414833069,0.0,0.0,0.7321648597717285,0.0,-1.2692979574203491,1.411962866783142,1.8478381633758545,0.0,1.1724988222122192,0.0,0.0,-0.3955221176147461,-0.9191364645957947,-0.6008408069610596,-1.1630903482437134,0.0,-0.09878474473953247,0.0,0.0,,,,,,,,,,,,,,,,,,,,,,,,,,,,,,,,,,,,,,,,,,,,,,,,,,,,,,,,,,,,
-1.6515337,0.0,1.9485387,0.0,0.0,-0.2857583165168762,10.899174690246582,-2.559263229370117,1.3536232709884644,7.511930465698242,5.167899131774902,-3.835925817489624,8.966926574707031,0.0,4.156550884246826,0.0,0.8657931089401245,0.30004602670669556,0.12335900217294693,0.0,4.567191123962402,0.0,0.0,3.864564895629883,0.0,-6.6996989250183105,7.452723503112793,9.75339126586914,0.0,6.188766956329346,0.0,0.0,-2.0876731872558594,-4.851451396942139,-3.171400785446167,-6.139106750488281,0.0,-0.5214126706123352,0.0,0.0,,,,,,,,,,,,,,,,,,,,,,,,,,,,,,,,,,,,,,,,,,,,,,,,,,,,,,,,,,,,
-1.0181823,0.0,1.2012879,0.0,0.0,-0.17617203295230865,6.719418048858643,-1.5778038501739502,0.8345183730125427,4.631158351898193,3.186046600341797,-2.364875555038452,5.528173923492432,0.0,2.5625431537628174,0.0,0.533767580986023,0.18498049676418304,0.07605170458555222,0.0,2.8157057762145996,0.0,0.0,2.3825316429138184,0.0,-4.1304121017456055,4.594656944274902,6.013035297393799,0.0,3.8154187202453613,0.0,0.0,-1.2870652675628662,-2.9909543991088867,-1.9551911354064941,-3.7848026752471924,0.0,-0.32145461440086365,0.0,0.0,,,,,,,,,,,,,,,,,,,,,,,,,,,,,,,,,,,,,,,,,,,,,,,,,,,,,,,,,,,,
-3.2280347,0.0,3.8085513,0.0,0.0,-0.5585340261459351,21.303176879882812,-5.002253532409668,2.6457486152648926,14.682579040527344,10.1010103225708,-7.497577667236328,17.52646827697754,0.0,8.124261856079102,0.0,1.692251443862915,0.5864603519439697,0.2411135584115982,0.0,8.926885604858398,0.0,0.0,7.553554534912109,0.0,-13.095016479492188,14.566854476928711,19.06366729736328,0.0,12.096365928649902,0.0,0.0,-4.080499172210693,-9.482491493225098,-6.198718547821045,-11.999300956726074,0.0,-1.0191365480422974,0.0,0.0,,,,,,,,,,,,,,,,,,,,,,,,,,,,,,,,,,,,,,,,,,,,,,,,,,,,,,,,,,,,
0.0,0.0,0.0,0.0,0.0,0.0,0.0,0.0,0.0,0.0,0.0,0.0,0.0,0.0,0.0,0.0,0.0,0.0,0.0,0.0,0.0,0.0,0.0,0.0,0.0,0.0,0.0,0.0,0.0,0.0,0.0,0.0,0.0,0.0,0.0,0.0,0.0,0.0,0.0,0.0,,,,,,,,,,,,,,,,,,,,,,,,,,,,,,,,,,,,,,,,,,,,,,,,,,,,,,,,,,,,
-0.51880616,0.0,0.61210614,0.0,0.0,-0.0897669717669487,3.4238228797912598,-0.8039566278457642,0.4252218008041382,2.3597676753997803,1.6234230995178223,-1.2050024271011353,2.8168344497680664,0.0,1.3057222366333008,0.0,0.2719767689704895,0.09425525367259979,0.038751501590013504,0.0,1.4347190856933594,0.0,0.0,1.2139989137649536,0.0,-2.104616641998291,2.3411686420440674,3.0638914108276367,0.0,1.9441144466400146,0.0,0.0,-0.6558132767677307,-1.5240155458450317,-0.9962511658668518,-1.9285143613815308,0.0,-0.16379448771476746,0.0,0.0,,,,,,,,,,,,,,,,,,,,,,,,,,,,,,,,,,,,,,,,,,,,,,,,,,,,,,,,,,,,
-1.4180864,0.0,1.6731092,0.0,0.0,-0.24536585807800293,9.358555793762207,-2.1975066661834717,1.1622861623764038,6.450105667114258,4.43740701675415,-3.293710708618164,7.699435234069824,0.0,3.5690150260925293,0.0,0.743411660194397,0.2576339542865753,0.10592198371887207,0.0,3.9216103553771973,0.0,0.0,3.3183014392852783,0.0,-5.752684116363525,6.399267673492432,8.37473201751709,0.0,5.313973426818848,0.0,0.0,-1.792576789855957,-4.165689945220947,-2.7231175899505615,-5.271332740783691,0.0,-0.4477100372314453,0.0,0.0,,,,,,,,,,,,,,,,,,,,,,,,,,,,,,,,,,,,,,,,,,,,,,,,,,,,,,,,,,,,
-0.5747796,0.0,0.67814565,0.0,0.0,-0.09945183992385864,3.793215751647949,-0.8906947374343872,0.47109854221343994,2.614360809326172,1.7985726594924927,-1.3350088596343994,3.1207399368286133,0.0,1.446595311164856,0.0,0.30132007598876953,0.1044243574142456,0.04293236508965492,0.0,1.5895096063613892,0.0,0.0,1.3449760675430298,0.0,-2.331681489944458,2.593755006790161,3.39445161819458,0.0,2.153862953186035,0.0,0.0,-0.7265682816505432,-1.6884400844573975,-1.1037356853485107,-2.136579751968384,0.0,-0.18146611750125885,0.0,0.0,,,,,,,,,,,,,,,,,,,,,,,,,,,,,,,,,,,,,,,,,,,,,,,,,,,,,,,,,,,,
-1.1888874,0.0,1.402692,0.0,0.0,-0.20570845901966095,7.845973968505859,-1.8423333168029785,0.9744309782981873,5.407603740692139,3.7202086448669434,-2.7613627910614014,6.455009937286377,0.0,2.992170810699463,0.0,0.6232573390007019,0.215993732213974,0.0888022854924202,0.0,3.287777900695801,0.0,0.0,2.7819790840148926,0.0,-4.822903156280518,5.3649821281433105,7.021161079406738,0.0,4.455099582672119,0.0,0.0,-1.5028505325317383,-3.492408037185669,-2.282992124557495,-4.419350624084473,0.0,-0.37534865736961365,0.0,0.0,,,,,,,,,,,,,,,,,,,,,,,,,,,,,,,,,,,,,,,,,,,,,,,,,,,,,,,,,,,,
0.0,0.0,0.0,0.0,0.0,0.0,0.0,0.0,0.0,0.0,0.0,0.0,0.0,0.0,0.0,0.0,0.0,0.0,0.0,0.0,0.0,0.0,0.0,0.0,0.0,0.0,0.0,0.0,0.0,0.0,0.0,0.0,0.0,0.0,0.0,0.0,0.0,0.0,0.0,0.0,,,,,,,,,,,,,,,,,,,,,,,,,,,,,,,,,,,,,,,,,,,,,,,,,,,,,,,,,,,,
0.0,0.0,0.0,0.0,0.0,0.0,0.0,0.0,0.0,0.0,0.0,0.0,0.0,0.0,0.0,0.0,0.0,0.0,0.0,0.0,0.0,0.0,0.0,0.0,0.0,0.0,0.0,0.0,0.0,0.0,0.0,0.0,0.0,0.0,0.0,0.0,0.0,0.0,0.0,0.0,,,,,,,,,,,,,,,,,,,,,,,,,,,,,,,,,,,,,,,,,,,,,,,,,,,,,,,,,,,,
0.0,0.0,0.0,0.0,0.0,0.0,0.0,0.0,0.0,0.0,0.0,0.0,0.0,0.0,0.0,0.0,0.0,0.0,0.0,0.0,0.0,0.0,0.0,0.0,0.0,0.0,0.0,0.0,0.0,0.0,0.0,0.0,0.0,0.0,0.0,0.0,0.0,0.0,0.0,0.0,,,,,,,,,,,,,,,,,,,,,,,,,,,,,,,,,,,,,,,,,,,,,,,,,,,,,,,,,,,,
-3.0161214,0.0,3.5585282,0.0,0.0,-0.5218675136566162,19.90467071533203,-4.6738667488098145,2.4720611572265625,13.71869945526123,9.437901496887207,-7.005378246307373,16.37589454650879,0.0,7.590921401977539,0.0,1.5811588764190674,0.5479605197906494,0.22528497874736786,0.0,8.340855598449707,0.0,0.0,7.057680130004883,0.0,-12.235357284545898,13.610572814941406,17.812179565429688,0.0,11.302266120910645,0.0,0.0,-3.8126232624053955,-8.859987258911133,-5.791786193847656,-11.211573600769043,0.0,-0.9522324204444885,0.0,0.0,,,,,,,,,,,,,,,,,,,,,,,,,,,,,,,,,,,,,,,,,,,,,,,,,,,,,,,,,,,,
0.0,0.0,0.0,0.0,0.0,0.0,0.0,0.0,0.0,0.0,0.0,0.0,0.0,0.0,0.0,0.0,0.0,0.0,0.0,0.0,0.0,0.0,0.0,0.0,0.0,0.0,0.0,0.0,0.0,0.0,0.0,0.0,0.0,0.0,0.0,0.0,0.0,0.0,0.0,0.0,,,,,,,,,,,,,,,,,,,,,,,,,,,,,,,,,,,,,,,,,,,,,,,,,,,,,,,,,,,,
-1.521428,0.0,1.7950354,0.0,0.0,-0.26324665546417236,10.040552139282227,-2.357647657394409,1.2469866275787354,6.9201507568359375,4.760778903961182,-3.5337367057800293,8.260523796081543,0.0,3.829103469848633,0.0,0.7975870370864868,0.2764087915420532,0.11364094167947769,0.0,4.207394123077393,0.0,0.0,3.56011962890625,0.0,-6.171905517578125,6.865607738494873,8.985032081604004,0.0,5.701224327087402,0.0,0.0,-1.9232089519500732,-4.4692606925964355,-2.9215621948242188,-5.655476093292236,0.0,-0.4803364872932434,0.0,0.0,,,,,,,,,,,,,,,,,,,,,,,,,,,,,,,,,,,,,,,,,,,,,,,,,,,,,,,,,,,,
0.0,0.0,0.0,0.0,0.0,0.0,0.0,0.0,0.0,0.0,0.0,0.0,0.0,0.0,0.0,0.0,0.0,0.0,0.0,0.0,0.0,0.0,0.0,0.0,0.0,0.0,0.0,0.0,0.0,0.0,0.0,0.0,0.0,0.0,0.0,0.0,0.0,0.0,0.0,0.0,,,,,,,,,,,,,,,,,,,,,,,,,,,,,,,,,,,,,,,,,,,,,,,,,,,,,,,,,,,,
0.0,0.0,0.0,0.0,0.0,0.0,0.0,0.0,0.0,0.0,0.0,0.0,0.0,0.0,0.0,0.0,0.0,0.0,0.0,0.0,0.0,0.0,0.0,0.0,0.0,0.0,0.0,0.0,0.0,0.0,0.0,0.0,0.0,0.0,0.0,0.0,0.0,0.0,0.0,0.0,,,,,,,,,,,,,,,,,,,,,,,,,,,,,,,,,,,,,,,,,,,,,,,,,,,,,,,,,,,,
-1.4767935,0.0,1.7423741,0.0,0.0,-0.2555237412452698,9.745989799499512,-2.2884809970855713,1.210403561592102,6.717132568359375,4.621110916137695,-3.4300668239593506,8.018183708190918,0.0,3.716768264770508,0.0,0.7741881012916565,0.26829972863197327,0.11030703783035278,0.0,4.08396053314209,0.0,0.0,3.4556756019592285,0.0,-5.990839004516602,6.66418981552124,8.721436500549316,0.0,5.533966064453125,0.0,0.0,-1.8667874336242676,-4.3381452560424805,-2.8358516693115234,-5.489560127258301,0.0,-0.46624472737312317,0.0,0.0,,,,,,,,,,,,,,,,,,,,,,,,,,,,,,,,,,,,,,,,,,,,,,,,,,,,,,,,,,,,
-0.46700108,0.0,0.5509846,0.0,0.0,-0.08080334216356277,3.0819389820098877,-0.7236780524253845,0.38276150822639465,2.1241345405578613,1.4613171815872192,-1.0846775770187378,2.5355610847473145,0.0,1.175340175628662,0.0,0.24481868743896484,0.08484344929456711,0.034881994128227234,0.0,1.2914561033248901,0.0,0.0,1.0927757024765015,0.0,-1.8944612741470337,2.1073927879333496,2.757948398590088,0.0,1.7499860525131226,0.0,0.0,-0.5903274416923523,-1.3718358278274536,-0.8967710733413696,-1.7359436750411987,0.0,-0.1474388837814331,0.0,0.0,,,,,,,,,,,,,,,,,,,,,,,,,,,,,,,,,,,,,,,,,,,,,,,,,,,,,,,,,,,,
0.0,0.0,0.0,0.0,0.0,0.0,0.0,0.0,0.0,0.0,0.0,0.0,0.0,0.0,0.0,0.0,0.0,0.0,0.0,0.0,0.0,0.0,0.0,0.0,0.0,0.0,0.0,0.0,0.0,0.0,0.0,0.0,0.0,0.0,0.0,0.0,0.0,0.0,0.0,0.0,,,,,,,,,,,,,,,,,,,,,,,,,,,,,,,,,,,,,,,,,,,,,,,,,,,,,,,,,,,,
0.0,0.0,0.0,0.0,0.0,0.0,0.0,0.0,0.0,0.0,0.0,0.0,0.0,0.0,0.0,0.0,0.0,0.0,0.0,0.0,0.0,0.0,0.0,0.0,0.0,0.0,0.0,0.0,0.0,0.0,0.0,0.0,0.0,0.0,0.0,0.0,0.0,0.0,0.0,0.0,,,,,,,,,,,,,,,,,,,,,,,,,,,,,,,,,,,,,,,,,,,,,,,,,,,,,,,,,,,,
-0.88913685,0.0,1.0490355,0.0,0.0,-0.15384382009506226,5.867793083190918,-1.3778315782546997,0.7287507057189941,4.044201374053955,2.7822439670562744,-2.0651490688323975,4.82752799987793,0.0,2.2377641201019287,0.0,0.46611738204956055,0.16153590381145477,0.06641283631324768,0.0,2.4588406085968018,0.0,0.0,2.0805673599243164,0.0,-3.606919527053833,4.012325763702393,5.250937461853027,0.0,3.3318490982055664,0.0,0.0,-1.123941421508789,-2.611877918243408,-1.7073884010314941,-3.3051133155822754,0.0,-0.28071317076683044,0.0,0.0,,,,,,,,,,,,,,,,,,,,,,,,,,,,,,,,,,,,,,,,,,,,,,,,,,,,,,,,,,,,
-4.6016526,0.0,5.429195,0.0,0.0,-0.7962056994438171,30.368267059326172,-7.130850791931152,3.77158784866333,20.930421829223633,14.399269104003906,-10.688004493713379,24.984464645385742,0.0,11.581358909606934,0.0,2.412351131439209,0.8360154032707214,0.34371402859687805,0.0,12.7255220413208,0.0,0.0,10.767800331115723,0.0,-18.667308807373047,20.765453338623047,27.175783157348633,0.0,17.243703842163086,0.0,0.0,-5.816864013671875,-13.51755428314209,-8.836444854736328,-17.105335235595703,0.0,-1.4528071880340576,0.0,0.0,,,,,,,,,,,,,,,,,,,,,,,,,,,,,,,,,,,,,,,,,,,,,,,,,,,,,,,,,,,,
0.0,0.0,0.0,0.0,0.0,0.0,0.0,0.0,0.0,0.0,0.0,0.0,0.0,0.0,0.0,0.0,0.0,0.0,0.0,0.0,0.0,0.0,0.0,0.0,0.0,0.0,0.0,0.0,0.0,0.0,0.0,0.0,0.0,0.0,0.0,0.0,0.0,0.0,0.0,0.0,,,,,,,,,,,,,,,,,,,,,,,,,,,,,,,,,,,,,,,,,,,,,,,,,,,,,,,,,,,,
0.0,0.0,0.0,0.0,0.0,0.0,0.0,0.0,0.0,0.0,0.0,0.0,0.0,0.0,0.0,0.0,0.0,0.0,0.0,0.0,0.0,0.0,0.0,0.0,0.0,0.0,0.0,0.0,0.0,0.0,0.0,0.0,0.0,0.0,0.0,0.0,0.0,0.0,0.0,0.0,,,,,,,,,,,,,,,,,,,,,,,,,,,,,,,,,,,,,,,,,,,,,,,,,,,,,,,,,,,,
0.0,0.0,0.0,0.0,0.0,0.0,0.0,0.0,0.0,0.0,0.0,0.0,0.0,0.0,0.0,0.0,0.0,0.0,0.0,0.0,0.0,0.0,0.0,0.0,0.0,0.0,0.0,0.0,0.0,0.0,0.0,0.0,0.0,0.0,0.0,0.0,0.0,0.0,0.0,0.0,,,,,,,,,,,,,,,,,,,,,,,,,,,,,,,,,,,,,,,,,,,,,,,,,,,,,,,,,,,,
0.0,0.0,0.0,0.0,0.0,0.0,0.0,0.0,0.0,0.0,0.0,0.0,0.0,0.0,0.0,0.0,0.0,0.0,0.0,0.0,0.0,0.0,0.0,0.0,0.0,0.0,0.0,0.0,0.0,0.0,0.0,0.0,0.0,0.0,0.0,0.0,0.0,0.0,0.0,0.0,,,,,,,,,,,,,,,,,,,,,,,,,,,,,,,,,,,,,,,,,,,,,,,,,,,,,,,,,,,,
0.0,0.0,0.0,0.0,0.0,0.0,0.0,0.0,0.0,0.0,0.0,0.0,0.0,0.0,0.0,0.0,0.0,0.0,0.0,0.0,0.0,0.0,0.0,0.0,0.0,0.0,0.0,0.0,0.0,0.0,0.0,0.0,0.0,0.0,0.0,0.0,0.0,0.0,0.0,0.0,,,,,,,,,,,,,,,,,,,,,,,,,,,,,,,,,,,,,,,,,,,,,,,,,,,,,,,,,,,,
0.0,0.0,0.0,0.0,0.0,0.0,0.0,0.0,0.0,0.0,0.0,0.0,0.0,0.0,0.0,0.0,0.0,0.0,0.0,0.0,0.0,0.0,0.0,0.0,0.0,0.0,0.0,0.0,0.0,0.0,0.0,0.0,0.0,0.0,0.0,0.0,0.0,0.0,0.0,0.0,,,,,,,,,,,,,,,,,,,,,,,,,,,,,,,,,,,,,,,,,,,,,,,,,,,,,,,,,,,,
-0.03811635,0.0,0.044971038,0.0,0.0,-0.006595120765268803,0.2515460252761841,-0.05906616896390915,0.031240766867995262,0.1733705997467041,0.11927183717489243,-0.08853073418140411,0.20695099234580994,0.0,0.0959305614233017,0.0,0.019981956109404564,0.006924871820956469,0.00284704752266407,0.0,0.10540787875652313,0.0,0.0,0.08919170498847961,0.0,-0.154624804854393,0.17200413346290588,0.22510209679603577,0.0,0.14283281564712524,0.0,0.0,-0.0481821745634079,-0.11196842789649963,-0.07319392263889313,-0.14168669283390045,0.0,-0.012033874168992043,0.0,0.0,,,,,,,,,,,,,,,,,,,,,,,,,,,,,,,,,,,,,,,,,,,,,,,,,,,,,,,,,,,,
0.0,0.0,0.0,0.0,0.0,0.0,0.0,0.0,0.0,0.0,0.0,0.0,0.0,0.0,0.0,0.0,0.0,0.0,0.0,0.0,0.0,0.0,0.0,0.0,0.0,0.0,0.0,0.0,0.0,0.0,0.0,0.0,0.0,0.0,0.0,0.0,0.0,0.0,0.0,0.0,,,,,,,,,,,,,,,,,,,,,,,,,,,,,,,,,,,,,,,,,,,,,,,,,,,,,,,,,,,,
-2.3118694,0.0,2.7276266,0.0,0.0,-0.40001359581947327,15.257011413574219,-3.58253812789917,1.8948450088500977,10.515439987182617,7.234189987182617,-5.3696513175964355,12.552189826965332,0.0,5.818472385406494,0.0,1.211964726448059,0.42001399397850037,0.17268186807632446,0.0,6.3933000564575195,0.0,0.0,5.409740924835205,0.0,-9.37845230102539,10.432559967041016,13.653108596801758,0.0,8.663233757019043,0.0,0.0,-2.922391414642334,-6.7912163734436035,-4.439427852630615,-8.593716621398926,0.0,-0.7298900485038757,0.0,0.0,,,,,,,,,,,,,,,,,,,,,,,,,,,,,,,,,,,,,,,,,,,,,,,,,,,,,,,,,,,,
0.0,0.0,0.0,0.0,0.0,0.0,0.0,0.0,0.0,0.0,0.0,0.0,0.0,0.0,0.0,0.0,0.0,0.0,0.0,0.0,0.0,0.0,0.0,0.0,0.0,0.0,0.0,0.0,0.0,0.0,0.0,0.0,0.0,0.0,0.0,0.0,0.0,0.0,0.0,0.0,,,,,,,,,,,,,,,,,,,,,,,,,,,,,,,,,,,,,,,,,,,,,,,,,,,,,,,,,,,,
-2.0927486,0.0,2.4691,0.0,0.0,-0.3621000051498413,13.81093978881836,-3.2429823875427246,1.7152501344680786,9.518778800964355,6.548527717590332,-4.860711574554443,11.362483978271484,0.0,5.266993045806885,0.0,1.0970938205718994,0.3802047371864319,0.1563149392604828,0.0,5.787337779998779,0.0,0.0,4.89700174331665,0.0,-8.489555358886719,9.443754196166992,12.35905647277832,0.0,7.842125415802002,0.0,0.0,-2.645404815673828,-6.1475396156311035,-4.018655776977539,-7.779197692871094,0.0,-0.6607105135917664,0.0,0.0,,,,,,,,,,,,,,,,,,,,,,,,,,,,,,,,,,,,,,,,,,,,,,,,,,,,,,,,,,,,
-1.1338603,0.0,1.3377692,0.0,0.0,-0.196187362074852,7.482827663421631,-1.7570619583129883,0.9293299913406372,5.157315731048584,3.548020839691162,-2.633554697036743,6.156243324279785,0.0,2.853679895401001,0.0,0.5944101810455322,0.205996572971344,0.08469212055206299,0.0,3.1356048583984375,0.0,0.0,2.65321683883667,0.0,-4.599678039550781,5.116666793823242,6.696190357208252,0.0,4.248897552490234,0.0,0.0,-1.4332919120788574,-3.330763816833496,-2.1773250102996826,-4.214803218841553,0.0,-0.3579758405685425,0.0,0.0,,,,,,,,,,,,,,,,,,,,,,,,,,,,,,,,,,,,,,,,,,,,,,,,,,,,,,,,,,,,
-0.012731993,0.0,0.015021661,0.0,0.0,-0.0022029660176485777,0.0840238407254219,-0.01972985453903675,0.010435343720018864,0.05791092664003372,0.03984033316373825,-0.02957189455628395,0.06912776827812195,0.0,0.03204365447163582,0.0,0.006674566306173801,0.0023131128400564194,0.0009509983938187361,0.0,0.03520936146378517,0.0,0.0,0.029792677611112595,0.0,-0.051649272441864014,0.057454485446214676,0.07519078254699707,0.0,0.04771040007472038,0.0,0.0,-0.016094276681542397,-0.037400778383016586,-0.0244489423930645,-0.04732755944132805,0.0,-0.004019671119749546,0.0,0.0,,,,,,,,,,,,,,,,,,,,,,,,,,,,,,,,,,,,,,,,,,,,,,,,,,,,,,,,,,,,
-1.1044422,0.0,1.3030605,0.0,0.0,-0.19109725952148438,7.288684844970703,-1.711474895477295,0.9052184820175171,5.023508548736572,3.4559671878814697,-2.5652270317077637,5.996519088745117,0.0,2.7796409130096436,0.0,0.5789881944656372,0.20065198838710785,0.08249477297067642,0.0,3.0542514324188232,0.0,0.0,2.584378957748413,0.0,-4.480339050292969,4.983914375305176,6.522457122802734,0.0,4.138659477233887,0.0,0.0,-1.3961050510406494,-3.244346857070923,-2.1208341121673584,-4.105449676513672,0.0,-0.34868812561035156,0.0,0.0,,,,,,,,,,,,,,,,,,,,,,,,,,,,,,,,,,,,,,,,,,,,,,,,,,,,,,,,,,,,
-1.5530404,0.0,1.8323327,0.0,0.0,-0.268716424703598,10.249175071716309,-2.406635284423828,1.272896647453308,7.063938140869141,4.85969877243042,-3.607161045074463,8.432162284851074,0.0,3.9086649417877197,0.0,0.8141593933105469,0.2821520268917084,0.11600218713283539,0.0,4.294815540313721,0.0,0.0,3.634092092514038,0.0,-6.300145626068115,7.0082621574401855,9.171724319458008,0.0,5.8196845054626465,0.0,0.0,-1.9631695747375488,-4.5621232986450195,-2.982266664505005,-5.772985935211182,0.0,-0.4903169572353363,0.0,0.0,,,,,,,,,,,,,,,,,,,,,,,,,,,,,,,,,,,,,,,,,,,,,,,,,,,,,,,,,,,,
-0.7254463,0.0,0.85590756,0.0,0.0,-0.12552109360694885,4.787528991699219,-1.1241719722747803,0.5945873260498047,3.299661636352539,2.270031452178955,-1.6849539279937744,3.938777446746826,0.0,1.825790524482727,0.0,0.3803049325942993,0.13179706037044525,0.054186198860406876,0.0,2.006166696548462,0.0,0.0,1.6975338459014893,0.0,-2.9428837299346924,3.2736544609069824,4.284236907958984,0.0,2.718453884124756,0.0,0.0,-0.917023241519928,-2.1310298442840576,-1.3930572271347046,-2.6966402530670166,0.0,-0.2290337085723877,0.0,0.0,,,,,,,,,,,,,,,,,,,,,,,,,,,,,,,,,,,,,,,,,,,,,,,,,,,,,,,,,,,,
-2.6491249,0.0,3.1255326,0.0,0.0,-0.45836758613586426,17.482704162597656,-4.105158805847168,2.171264886856079,12.049431800842285,8.28951358795166,-6.152976036071777,14.38330364227295,0.0,6.667271137237549,0.0,1.3887661695480347,0.48128563165664673,0.19787269830703735,0.0,7.325954437255859,0.0,0.0,6.198914051055908,0.0,-10.746580123901367,11.954462051391602,15.644824028015137,0.0,9.92702579498291,0.0,0.0,-3.34870982170105,-7.781919002532959,-5.087051868438721,-9.847368240356445,0.0,-0.8363664150238037,0.0,0.0,,,,,,,,,,,,,,,,,,,,,,,,,,,,,,,,,,,,,,,,,,,,,,,,,,,,,,,,,,,,
0.0,0.0,0.0,0.0,0.0,0.0,0.0,0.0,0.0,0.0,0.0,0.0,0.0,0.0,0.0,0.0,0.0,0.0,0.0,0.0,0.0,0.0,0.0,0.0,0.0,0.0,0.0,0.0,0.0,0.0,0.0,0.0,0.0,0.0,0.0,0.0,0.0,0.0,0.0,0.0,,,,,,,,,,,,,,,,,,,,,,,,,,,,,,,,,,,,,,,,,,,,,,,,,,,,,,,,,,,,
-2.6819515,0.0,3.1642628,0.0,0.0,-0.4640474319458008,17.6993408203125,-4.156027793884277,2.1981701850891113,12.198742866516113,8.392232894897461,-6.229220867156982,14.56153392791748,0.0,6.749888896942139,0.0,1.405975103378296,0.4872494637966156,0.2003246396780014,0.0,7.416734218597412,0.0,0.0,6.27572774887085,0.0,-10.879746437072754,12.102595329284668,15.8386869430542,0.0,10.050036430358887,0.0,0.0,-3.3902053833007812,-7.8783488273620605,-5.150087833404541,-9.969391822814941,0.0,-0.8467302918434143,0.0,0.0,,,,,,,,,,,,,,,,,,,,,,,,,,,,,,,,,,,,,,,,,,,,,,,,,,,,,,,,,,,,
-0.23500985,0.0,0.27727306,0.0,0.0,-0.040662821382284164,1.550930142402649,-0.3641778826713562,0.19261781871318817,1.068932294845581,0.7353814244270325,-0.5458443760871887,1.275975227355957,0.0,0.5914686918258667,0.0,0.12320058047771454,0.04269593209028244,0.01755373366177082,0.0,0.6499019265174866,0.0,0.0,0.5499196648597717,0.0,-0.9533534049987793,1.0605072975158691,1.3878875970840454,0.0,0.8806488513946533,0.0,0.0,-0.2970716059207916,-0.6903516054153442,-0.45128384232521057,-0.8735822439193726,0.0,-0.07419595122337341,0.0,0.0,,,,,,,,,,,,,,,,,,,,,,,,,,,,,,,,,,,,,,,,,,,,,,,,,,,,,,,,,,,,
0.0,0.0,0.0,0.0,0.0,0.0,0.0,0.0,0.0,0.0,0.0,0.0,0.0,0.0,0.0,0.0,0.0,0.0,0.0,0.0,0.0,0.0,0.0,0.0,0.0,0.0,0.0,0.0,0.0,0.0,0.0,0.0,0.0,0.0,0.0,0.0,0.0,0.0,0.0,0.0,,,,,,,,,,,,,,,,,,,,,,,,,,,,,,,,,,,,,,,,,,,,,,,,,,,,,,,,,,,,
0.0,0.0,0.0,0.0,0.0,0.0,0.0,0.0,0.0,0.0,0.0,0.0,0.0,0.0,0.0,0.0,0.0,0.0,0.0,0.0,0.0,0.0,0.0,0.0,0.0,0.0,0.0,0.0,0.0,0.0,0.0,0.0,0.0,0.0,0.0,0.0,0.0,0.0,0.0,0.0,,,,,,,,,,,,,,,,,,,,,,,,,,,,,,,,,,,,,,,,,,,,,,,,,,,,,,,,,,,,
-1.0202583,0.0,1.2037374,0.0,0.0,-0.17653124034404755,6.733119010925293,-1.5810210704803467,0.8362199664115906,4.640601634979248,3.192542791366577,-2.3696975708007812,5.539445877075195,0.0,2.5677683353424072,0.0,0.5348559617996216,0.18535767495632172,0.07620677351951599,0.0,2.8214471340179443,0.0,0.0,2.387389659881592,0.0,-4.138833999633789,4.604025363922119,6.025295734405518,0.0,3.8231985569000244,0.0,0.0,-1.2896896600723267,-2.9970529079437256,-1.9591777324676514,-3.792520046234131,0.0,-0.32211005687713623,0.0,0.0,,,,,,,,,,,,,,,,,,,,,,,,,,,,,,,,,,,,,,,,,,,,,,,,,,,,,,,,,,,,
0.0,0.0,0.0,0.0,0.0,0.0,0.0,0.0,0.0,0.0,0.0,0.0,0.0,0.0,0.0,0.0,0.0,0.0,0.0,0.0,0.0,0.0,0.0,0.0,0.0,0.0,0.0,0.0,0.0,0.0,0.0,0.0,0.0,0.0,0.0,0.0,0.0,0.0,0.0,0.0,,,,,,,,,,,,,,,,,,,,,,,,,,,,,,,,,,,,,,,,,,,,,,,,,,,,,,,,,,,,
-0.7085279,0.0,0.8359467,0.0,0.0,-0.12259377539157867,4.675877571105957,-1.0979548692703247,0.5807207822799683,3.2227091789245605,2.2170913219451904,-1.6456586122512817,3.8469200134277344,0.0,1.7832106351852417,0.0,0.3714357018470764,0.1287233680486679,0.052922505885362625,0.0,1.9593802690505981,0.0,0.0,1.6579450368881226,0.0,-2.8742518424987793,3.1973085403442383,4.184322834014893,0.0,2.6550559997558594,0.0,0.0,-0.895637035369873,-2.081331491470337,-1.3605693578720093,-2.6337509155273438,0.0,-0.22369234263896942,0.0,0.0,,,,,,,,,,,,,,,,,,,,,,,,,,,,,,,,,,,,,,,,,,,,,,,,,,,,,,,,,,,,
-2.2528417,0.0,2.6579835,0.0,0.0,-0.3898002505302429,14.867462158203125,-3.4910669326782227,1.8464648723602295,10.246954917907715,7.049483299255371,-5.232550621032715,12.231700897216797,0.0,5.669912338256836,0.0,1.1810202598571777,0.40928998589515686,0.16827286779880524,0.0,6.230062961578369,0.0,0.0,5.2716169357299805,0.0,-9.138997077941895,10.166191101074219,13.304511070251465,0.0,8.442039489746094,0.0,0.0,-2.847775459289551,-6.617819786071777,-4.326078414916992,-8.374298095703125,0.0,-0.7112541794776917,0.0,0.0,,,,,,,,,,,,,,,,,,,,,,,,,,,,,,,,,,,,,,,,,,,,,,,,,,,,,,,,,,,,
-0.56531125,0.0,0.6669745,0.0,0.0,-0.09781356155872345,3.730729579925537,-0.876022219657898,0.46333807706832886,2.571294069290161,1.768944501876831,-1.3130171298980713,3.069331645965576,0.0,1.4227653741836548,0.0,0.2963564097881317,0.10270416736602783,0.04222513362765312,0.0,1.5633254051208496,0.0,0.0,1.3228200674057007,0.0,-2.293271541595459,2.551027774810791,3.338534355163574,0.0,2.118382215499878,0.0,0.0,-0.7145994901657104,-1.6606261730194092,-1.085553765296936,-2.101383686065674,0.0,-0.17847679555416107,0.0,0.0,,,,,,,,,,,,,,,,,,,,,,,,,,,,,,,,,,,,,,,,,,,,,,,,,,,,,,,,,,,,
0.0,0.0,0.0,0.0,0.0,0.0,0.0,0.0,0.0,0.0,0.0,0.0,0.0,0.0,0.0,0.0,0.0,0.0,0.0,0.0,0.0,0.0,0.0,0.0,0.0,0.0,0.0,0.0,0.0,0.0,0.0,0.0,0.0,0.0,0.0,0.0,0.0,0.0,0.0,0.0,,,,,,,,,,,,,,,,,,,,,,,,,,,,,,,,,,,,,,,,,,,,,,,,,,,,,,,,,,,,
-1.0926918,0.0,1.289197,0.0,0.0,-0.1890641301870346,7.211138725280762,-1.6932660341262817,0.8955876231193542,4.970062255859375,3.4191982746124268,-2.5379347801208496,5.932720184326172,0.0,2.750067710876465,0.0,0.5728281736373901,0.19851718842983246,0.0816170945763588,0.0,3.021756410598755,0.0,0.0,2.5568830966949463,0.0,-4.432671546936035,4.93088960647583,6.453063011169434,0.0,4.094627380371094,0.0,0.0,-1.3812514543533325,-3.209829568862915,-2.0982701778411865,-4.061770915985107,0.0,-0.34497836232185364,0.0,0.0,,,,,,,,,,,,,,,,,,,,,,,,,,,,,,,,,,,,,,,,,,,,,,,,,,,,,,,,,,,,
0.0,0.0,0.0,0.0,0.0,0.0,0.0,0.0,0.0,0.0,0.0,0.0,0.0,0.0,0.0,0.0,0.0,0.0,0.0,0.0,0.0,0.0,0.0,0.0,0.0,0.0,0.0,0.0,0.0,0.0,0.0,0.0,0.0,0.0,0.0,0.0,0.0,0.0,0.0,0.0,,,,,,,,,,,,,,,,,,,,,,,,,,,,,,,,,,,,,,,,,,,,,,,,,,,,,,,,,,,,
-1.6006947,0.0,1.888557,0.0,0.0,-0.2769618332386017,10.563666343688965,-2.4804816246032715,1.3119548559188843,7.280691623687744,5.008816242218018,-3.7178449630737305,8.690898895263672,0.0,4.028600215911865,0.0,0.8391414880752563,0.2908097207546234,0.11956165730953217,0.0,4.426599979400635,0.0,0.0,3.7456023693084717,0.0,-6.493462562561035,7.223307132720947,9.453153610229492,0.0,5.998258590698242,0.0,0.0,-2.0234084129333496,-4.7021098136901855,-3.0737760066986084,-5.950127124786377,0.0,-0.5053620934486389,0.0,0.0,,,,,,,,,,,,,,,,,,,,,,,,,,,,,,,,,,,,,,,,,,,,,,,,,,,,,,,,,,,,
0.0,0.0,0.0,0.0,0.0,0.0,0.0,0.0,0.0,0.0,0.0,0.0,0.0,0.0,0.0,0.0,0.0,0.0,0.0,0.0,0.0,0.0,0.0,0.0,0.0,0.0,0.0,0.0,0.0,0.0,0.0,0.0,0.0,0.0,0.0,0.0,0.0,0.0,0.0,0.0,,,,,,,,,,,,,,,,,,,,,,,,,,,,,,,,,,,,,,,,,,,,,,,,,,,,,,,,,,,,
-1.0221941,0.0,1.2060213,0.0,0.0,-0.17686618864536285,6.745894432067871,-1.5840208530426025,0.8378065824508667,4.649406433105469,3.1986002922058105,-2.3741936683654785,5.549956321716309,0.0,2.5726401805877686,0.0,0.5358707904815674,0.1857093721628189,0.07635136693716049,0.0,2.8268003463745117,0.0,0.0,2.3919193744659424,0.0,-4.146686553955078,4.6127610206604,6.0367279052734375,0.0,3.8304524421691895,0.0,0.0,-1.2921366691589355,-3.002739429473877,-1.962895154953003,-3.799715757369995,0.0,-0.3227212429046631,0.0,0.0,,,,,,,,,,,,,,,,,,,,,,,,,,,,,,,,,,,,,,,,,,,,,,,,,,,,,,,,,,,,
-1.6391325,0.0,1.9339073,0.0,0.0,-0.28361257910728455,10.817333221435547,-2.540045976638794,1.3434590101242065,7.455524444580078,5.129094123840332,-3.807122230529785,8.899595260620117,0.0,4.125339984893799,0.0,0.8592919707298279,0.2977930009365082,0.12243271619081497,0.0,4.532896518707275,0.0,0.0,3.8355462551116943,0.0,-6.6493916511535645,7.396761894226074,9.680154800415039,0.0,6.142296314239502,0.0,0.0,-2.0719969272613525,-4.8150224685668945,-3.1475870609283447,-6.093008518218994,0.0,-0.5174974203109741,0.0,0.0,,,,,,,,,,,,,,,,,,,,,,,,,,,,,,,,,,,,,,,,,,,,,,,,,,,,,,,,,,,,
0.0,0.0,0.0,0.0,0.0,0.0,0.0,0.0,0.0,0.0,0.0,0.0,0.0,0.0,0.0,0.0,0.0,0.0,0.0,0.0,0.0,0.0,0.0,0.0,0.0,0.0,0.0,0.0,0.0,0.0,0.0,0.0,0.0,0.0,0.0,0.0,0.0,0.0,0.0,0.0,,,,,,,,,,,,,,,,,,,,,,,,,,,,,,,,,,,,,,,,,,,,,,,,,,,,,,,,,,,,
-0.7414413,0.0,0.87477905,0.0,0.0,-0.1282886564731598,4.893087387084961,-1.1489583253860474,0.6076971292495728,3.3724143505096436,2.320082187652588,-1.722104787826538,4.0256218910217285,0.0,1.8660465478897095,0.0,0.3886900842189789,0.13470298051834106,0.0553809255361557,0.0,2.0503997802734375,0.0,0.0,1.734961986541748,0.0,-3.00777006149292,3.3458337783813477,4.378698348999023,0.0,2.7783918380737305,0.0,0.0,-0.9372422695159912,-2.178015947341919,-1.4237722158432007,-2.7560970783233643,0.0,-0.23408357799053192,0.0,0.0,,,,,,,,,,,,,,,,,,,,,,,,,,,,,,,,,,,,,,,,,,,,,,,,,,,,,,,,,,,,
-2.596336,0.0,3.0632503,0.0,0.0,-0.4492337107658386,17.134326934814453,-4.023355484008789,2.1279983520507812,11.80932331085205,8.12432861328125,-6.030365943908691,14.096687316894531,0.0,6.534412860870361,0.0,1.3610923290252686,0.47169506549835205,0.19392968714237213,0.0,7.1799702644348145,0.0,0.0,6.075388431549072,0.0,-10.53243350982666,11.716245651245117,15.333069801330566,0.0,9.729209899902344,0.0,0.0,-3.281980276107788,-7.626849174499512,-4.985682010650635,-9.651140213012695,0.0,-0.8197001814842224,0.0,0.0,,,,,,,,,,,,,,,,,,,,,,,,,,,,,,,,,,,,,,,,,,,,,,,,,,,,,,,,,,,,
-0.26153415,0.0,0.30856737,0.0,0.0,-0.04525221511721611,1.7259752750396729,-0.4052806794643402,0.21435754001140594,1.1895768642425537,0.8183799982070923,-0.6074509024620056,1.419987678527832,0.0,0.6582245826721191,0.0,0.1371055692434311,0.047514792531728745,0.01953492872416973,0.0,0.7232528328895569,0.0,0.0,0.6119861006736755,0.0,-1.0609532594680786,1.1802009344100952,1.544530987739563,0.0,0.9800429344177246,0.0,0.0,-0.33060047030448914,-0.7682678699493408,-0.5022178292274475,-0.9721787571907043,0.0,-0.08257005363702774,0.0,0.0,,,,,,,,,,,,,,,,,,,,,,,,,,,,,,,,,,,,,,,,,,,,,,,,,,,,,,,,,,,,
-2.9845142,0.0,3.521237,0.0,0.0,-0.5163986682891846,19.696081161499023,-4.624887466430664,2.446155309677124,13.574935913085938,9.338997840881348,-6.931966304779053,16.20428466796875,0.0,7.511373043060303,0.0,1.564589262008667,0.5422182083129883,0.2229241281747818,0.0,8.253448486328125,0.0,0.0,6.983719825744629,0.0,-12.107138633728027,13.467942237854004,17.625518798828125,0.0,11.18382453918457,0.0,0.0,-3.7726690769195557,-8.767139434814453,-5.7310919761657715,-11.094082832336426,0.0,-0.942253589630127,0.0,0.0,,,,,,,,,,,,,,,,,,,,,,,,,,,,,,,,,,,,,,,,,,,,,,,,,,,,,,,,,,,,
-0.07938687,0.0,0.09366348,0.0,0.0,-0.013735994696617126,0.5239077806472778,-0.12302013486623764,0.06506673991680145,0.3610877990722656,0.248413547873497,-0.18438749015331268,0.4310273826122284,0.0,0.19979947805404663,0.0,0.041617441922426224,0.014422784559428692,0.005929691717028618,0.0,0.2195383757352829,0.0,0.0,0.1857641190290451,0.0,-0.3220449686050415,0.3582417964935303,0.4688316285610199,0.0,0.29748520255088806,0.0,0.0,-0.1003514751791954,-0.23320236802101135,-0.1524447202682495,-0.29509809613227844,0.0,-0.025063565000891685,0.0,0.0,,,,,,,,,,,,,,,,,,,,,,,,,,,,,,,,,,,,,,,,,,,,,,,,,,,,,,,,,,,,
0.0,0.0,0.0,0.0,0.0,0.0,0.0,0.0,0.0,0.0,0.0,0.0,0.0,0.0,0.0,0.0,0.0,0.0,0.0,0.0,0.0,0.0,0.0,0.0,0.0,0.0,0.0,0.0,0.0,0.0,0.0,0.0,0.0,0.0,0.0,0.0,0.0,0.0,0.0,0.0,,,,,,,,,,,,,,,,,,,,,,,,,,,,,,,,,,,,,,,,,,,,,,,,,,,,,,,,,,,,
0.0,0.0,0.0,0.0,0.0,0.0,0.0,0.0,0.0,0.0,0.0,0.0,0.0,0.0,0.0,0.0,0.0,0.0,0.0,0.0,0.0,0.0,0.0,0.0,0.0,0.0,0.0,0.0,0.0,0.0,0.0,0.0,0.0,0.0,0.0,0.0,0.0,0.0,0.0,0.0,,,,,,,,,,,,,,,,,,,,,,,,,,,,,,,,,,,,,,,,,,,,,,,,,,,,,,,,,,,,
-2.3226397,0.0,2.7403338,0.0,0.0,-0.40187713503837585,15.328089714050293,-3.5992281436920166,1.9036725759506226,10.564428329467773,7.267891883850098,-5.394667148590088,12.61066722869873,0.0,5.845579147338867,0.0,1.2176109552383423,0.4219706952571869,0.17348633706569672,0.0,6.423084259033203,0.0,0.0,5.434943675994873,0.0,-9.422143936157227,10.481162071228027,13.716714859008789,0.0,8.703593254089355,0.0,0.0,-2.9360060691833496,-6.822854995727539,-4.460110187530518,-8.633752822875977,0.0,-0.733290433883667,0.0,0.0,,,,,,,,,,,,,,,,,,,,,,,,,,,,,,,,,,,,,,,,,,,,,,,,,,,,,,,,,,,,
0.0,0.0,0.0,0.0,0.0,0.0,0.0,0.0,0.0,0.0,0.0,0.0,0.0,0.0,0.0,0.0,0.0,0.0,0.0,0.0,0.0,0.0,0.0,0.0,0.0,0.0,0.0,0.0,0.0,0.0,0.0,0.0,0.0,0.0,0.0,0.0,0.0,0.0,0.0,0.0,,,,,,,,,,,,,,,,,,,,,,,,,,,,,,,,,,,,,,,,,,,,,,,,,,,,,,,,,,,,
-1.3410028,0.0,1.5821633,0.0,0.0,-0.23202840983867645,8.849848747253418,-2.0780558586120605,1.099107265472412,6.099494457244873,4.196201324462891,-3.114673137664795,7.280913829803467,0.0,3.3750126361846924,0.0,0.7030017375946045,0.24362964928150177,0.10016433894634247,0.0,3.708441734313965,0.0,0.0,3.137927293777466,0.0,-5.439983367919922,6.051419734954834,7.919503211975098,0.0,5.025119781494141,0.0,0.0,-1.6951369047164917,-3.93925404548645,-2.5750958919525146,-4.984796524047852,0.0,-0.42337366938591003,0.0,0.0,,,,,,,,,,,,,,,,,,,,,,,,,,,,,,,,,,,,,,,,,,,,,,,,,,,,,,,,,,,,
-2.7252245,0.0,3.2153175,0.0,0.0,-0.47153475880622864,17.98491668701172,-4.223084449768066,2.2336373329162598,12.395566940307617,8.527640342712402,-6.329728126525879,14.796481132507324,0.0,6.858797073364258,0.0,1.428660273551941,0.4951111376285553,0.2035568356513977,0.0,7.536401748657227,0.0,0.0,6.376985549926758,0.0,-11.055289268493652,12.297868728637695,16.094240188598633,0.0,10.212191581726074,0.0,0.0,-3.4449057579040527,-8.005464553833008,-5.233183860778809,-10.13024616241455,0.0,-0.8603920936584473,0.0,0.0,,,,,,,,,,,,,,,,,,,,,,,,,,,,,,,,,,,,,,,,,,,,,,,,,,,,,,,,,,,,
0.0,0.0,0.0,0.0,0.0,0.0,0.0,0.0,0.0,0.0,0.0,0.0,0.0,0.0,0.0,0.0,0.0,0.0,0.0,0.0,0.0,0.0,0.0,0.0,0.0,0.0,0.0,0.0,0.0,0.0,0.0,0.0,0.0,0.0,0.0,0.0,0.0,0.0,0.0,0.0,,,,,,,,,,,,,,,,,,,,,,,,,,,,,,,,,,,,,,,,,,,,,,,,,,,,,,,,,,,,
0.0,0.0,0.0,0.0,0.0,0.0,0.0,0.0,0.0,0.0,0.0,0.0,0.0,0.0,0.0,0.0,0.0,0.0,0.0,0.0,0.0,0.0,0.0,0.0,0.0,0.0,0.0,0.0,0.0,0.0,0.0,0.0,0.0,0.0,0.0,0.0,0.0,0.0,0.0,0.0,,,,,,,,,,,,,,,,,,,,,,,,,,,,,,,,,,,,,,,,,,,,,,,,,,,,,,,,,,,,
0.0,0.0,0.0,0.0,0.0,0.0,0.0,0.0,0.0,0.0,0.0,0.0,0.0,0.0,0.0,0.0,0.0,0.0,0.0,0.0,0.0,0.0,0.0,0.0,0.0,0.0,0.0,0.0,0.0,0.0,0.0,0.0,0.0,0.0,0.0,0.0,0.0,0.0,0.0,0.0,,,,,,,,,,,,,,,,,,,,,,,,,,,,,,,,,,,,,,,,,,,,,,,,,,,,,,,,,,,,
-0.1494904,0.0,0.17637414,0.0,0.0,-0.02586572989821434,0.9865508079528809,-0.23165453970432281,0.12252470850944519,0.6799507141113281,0.46777811646461487,-0.34721308946609497,0.8116512894630432,0.0,0.37623482942581177,0.0,0.07836821675300598,0.02715899795293808,0.011165976524353027,0.0,0.4134043753147125,0.0,0.0,0.3498053550720215,0.0,-0.6064306497573853,0.6745915412902832,0.882839024066925,0.0,0.5601831078529358,0.0,0.0,-0.18896804749965668,-0.43913450837135315,-0.2870628535747528,-0.5556880235671997,0.0,-0.047196246683597565,0.0,0.0,,,,,,,,,,,,,,,,,,,,,,,,,,,,,,,,,,,,,,,,,,,,,,,,,,,,,,,,,,,,
-0.4024105,0.0,0.47477835,0.0,0.0,-0.06962749361991882,2.6556785106658936,-0.6235866546630859,0.3298220634460449,1.8303470611572266,1.259203553199768,-0.9346566200256348,2.1848695278167725,0.0,1.012779712677002,0.0,0.21095800399780273,0.07310881465673447,0.03005749173462391,0.0,1.1128357648849487,0.0,0.0,0.9416347742080688,0.0,-1.6324398517608643,1.8159208297729492,2.3764984607696533,0.0,1.5079468488693237,0.0,0.0,-0.5086796879768372,-1.1820982694625854,-0.7727393507957458,-1.4958466291427612,0.0,-0.12704671919345856,0.0,0.0,,,,,,,,,,,,,,,,,,,,,,,,,,,,,,,,,,,,,,,,,,,,,,,,,,,,,,,,,,,,
0.0,0.0,0.0,0.0,0.0,0.0,0.0,0.0,0.0,0.0,0.0,0.0,0.0,0.0,0.0,0.0,0.0,0.0,0.0,0.0,0.0,0.0,0.0,0.0,0.0,0.0,0.0,0.0,0.0,0.0,0.0,0.0,0.0,0.0,0.0,0.0,0.0,0.0,0.0,0.0,,,,,,,,,,,,,,,,,,,,,,,,,,,,,,,,,,,,,,,,,,,,,,,,,,,,,,,,,,,,
-2.5029025,0.0,2.9530141,0.0,0.0,-0.43306729197502136,16.517719268798828,-3.878568410873413,2.0514187812805176,11.384346008300781,7.831961154937744,-5.813353061676025,13.589395523071289,0.0,6.299261093139648,0.0,1.3121111392974854,0.4547203481197357,0.18695081770420074,0.0,6.9215874671936035,0.0,0.0,5.85675573348999,0.0,-10.153407096862793,11.294617652893066,14.78128433227539,0.0,9.379088401794434,0.0,0.0,-3.163872718811035,-7.352384567260742,-4.806264400482178,-9.303828239440918,0.0,-0.7902019619941711,0.0,0.0,,,,,,,,,,,,,,,,,,,,,,,,,,,,,,,,,,,,,,,,,,,,,,,,,,,,,,,,,,,,
-2.0228078,0.0,2.3865814,0.0,0.0,-0.349998414516449,13.349370956420898,-3.1346001625061035,1.6579256057739258,9.200655937194824,6.329672813415527,-4.698264122009277,10.982743263244629,0.0,5.090967655181885,0.0,1.0604283809661865,0.36749809980392456,0.1510908156633377,0.0,5.593922138214111,0.0,0.0,4.733341217041016,0.0,-8.205829620361328,9.128138542175293,11.94601058959961,0.0,7.580037593841553,0.0,0.0,-2.5569939613342285,-5.9420857429504395,-3.884350061416626,-7.5192131996154785,0.0,-0.6386292576789856,0.0,0.0,,,,,,,,,,,,,,,,,,,,,,,,,,,,,,,,,,,,,,,,,,,,,,,,,,,,,,,,,,,,
0.0,0.0,0.0,0.0,0.0,0.0,0.0,0.0,0.0,0.0,0.0,0.0,0.0,0.0,0.0,0.0,0.0,0.0,0.0,0.0,0.0,0.0,0.0,0.0,0.0,0.0,0.0,0.0,0.0,0.0,0.0,0.0,0.0,0.0,0.0,0.0,0.0,0.0,0.0,0.0,,,,,,,,,,,,,,,,,,,,,,,,,,,,,,,,,,,,,,,,,,,,,,,,,,,,,,,,,,,,
0.0,0.0,0.0,0.0,0.0,0.0,0.0,0.0,0.0,0.0,0.0,0.0,0.0,0.0,0.0,0.0,0.0,0.0,0.0,0.0,0.0,0.0,0.0,0.0,0.0,0.0,0.0,0.0,0.0,0.0,0.0,0.0,0.0,0.0,0.0,0.0,0.0,0.0,0.0,0.0,,,,,,,,,,,,,,,,,,,,,,,,,,,,,,,,,,,,,,,,,,,,,,,,,,,,,,,,,,,,
-3.372884,0.0,3.9794495,0.0,0.0,-0.5835967659950256,22.259098052978516,-5.226716041564941,2.7644693851470947,15.341419219970703,10.554265022277832,-7.834011077880859,18.31291961669922,0.0,8.488815307617188,0.0,1.7681865692138672,0.6127761602401733,0.25193285942077637,0.0,9.327455520629883,0.0,0.0,7.892499923706055,0.0,-13.68262004852295,15.220502853393555,19.919097900390625,0.0,12.63915729522705,0.0,0.0,-4.2636003494262695,-9.90799331665039,-6.476869106292725,-12.537736892700195,0.0,-1.0648674964904785,0.0,0.0,,,,,,,,,,,,,,,,,,,,,,,,,,,,,,,,,,,,,,,,,,,,,,,,,,,,,,,,,,,,
-0.52160895,0.0,0.615413,0.0,0.0,-0.09025193005800247,3.442319869995117,-0.8082999587059021,0.4275190234184265,2.37251615524292,1.6321935653686523,-1.2115123271942139,2.832052230834961,0.0,1.3127763271331787,0.0,0.27344611287117004,0.09476446360349655,0.03896085545420647,0.0,1.4424700736999512,0.0,0.0,1.220557451248169,0.0,-2.1159865856170654,2.3538167476654053,3.080443859100342,0.0,1.9546173810958862,0.0,0.0,-0.6593562364578247,-1.5322489738464355,-1.0016332864761353,-1.93893301486969,0.0,-0.1646793782711029,0.0,0.0,,,,,,,,,,,,,,,,,,,,,,,,,,,,,,,,,,,,,,,,,,,,,,,,,,,,,,,,,,,,
0.0,0.0,0.0,0.0,0.0,0.0,0.0,0.0,0.0,0.0,0.0,0.0,0.0,0.0,0.0,0.0,0.0,0.0,0.0,0.0,0.0,0.0,0.0,0.0,0.0,0.0,0.0,0.0,0.0,0.0,0.0,0.0,0.0,0.0,0.0,0.0,0.0,0.0,0.0,0.0,,,,,,,,,,,,,,,,,,,,,,,,,,,,,,,,,,,,,,,,,,,,,,,,,,,,,,,,,,,,
0.0,0.0,0.0,0.0,0.0,0.0,0.0,0.0,0.0,0.0,0.0,0.0,0.0,0.0,0.0,0.0,0.0,0.0,0.0,0.0,0.0,0.0,0.0,0.0,0.0,0.0,0.0,0.0,0.0,0.0,0.0,0.0,0.0,0.0,0.0,0.0,0.0,0.0,0.0,0.0,,,,,,,,,,,,,,,,,,,,,,,,,,,,,,,,,,,,,,,,,,,,,,,,,,,,,,,,,,,,
0.0,0.0,0.0,0.0,0.0,0.0,0.0,0.0,0.0,0.0,0.0,0.0,0.0,0.0,0.0,0.0,0.0,0.0,0.0,0.0,0.0,0.0,0.0,0.0,0.0,0.0,0.0,0.0,0.0,0.0,0.0,0.0,0.0,0.0,0.0,0.0,0.0,0.0,0.0,0.0,,,,,,,,,,,,,,,,,,,,,,,,,,,,,,,,,,,,,,,,,,,,,,,,,,,,,,,,,,,,
-0.8584113,0.0,1.0127845,0.0,0.0,-0.14852750301361084,5.665021896362305,-1.3302183151245117,0.7035675644874573,3.904447317123413,2.686099052429199,-1.9937844276428223,4.660705089569092,0.0,2.1604344844818115,0.0,0.45000994205474854,0.1559537649154663,0.06411783397197723,0.0,2.373871326446533,0.0,0.0,2.008669853210449,0.0,-3.482276678085327,3.873673439025879,5.069482803344727,0.0,3.2167115211486816,0.0,0.0,-1.085101842880249,-2.521620273590088,-1.648386836051941,-3.1908998489379883,0.0,-0.27101266384124756,0.0,0.0,,,,,,,,,,,,,,,,,,,,,,,,,,,,,,,,,,,,,,,,,,,,,,,,,,,,,,,,,,,,
-3.8379915,0.0,4.5282,0.0,0.0,-0.6640724539756775,25.328540802001953,-5.947459697723389,3.145678758621216,17.456941604614258,12.00965690612793,-8.914290428161621,20.838199615478516,0.0,9.65938949584961,0.0,2.012012481689453,0.6972755789756775,0.2866734266281128,0.0,10.61367416381836,0.0,0.0,8.980844497680664,0.0,-15.569398880004883,17.31934928894043,22.665861129760742,0.0,14.382046699523926,0.0,0.0,-4.851533889770508,-11.274266242980957,-7.370003700256348,-14.266641616821289,0.0,-1.2117085456848145,0.0,0.0,,,,,,,,,,,,,,,,,,,,,,,,,,,,,,,,,,,,,,,,,,,,,,,,,,,,,,,,,,,,
0.0,0.0,0.0,0.0,0.0,0.0,0.0,0.0,0.0,0.0,0.0,0.0,0.0,0.0,0.0,0.0,0.0,0.0,0.0,0.0,0.0,0.0,0.0,0.0,0.0,0.0,0.0,0.0,0.0,0.0,0.0,0.0,0.0,0.0,0.0,0.0,0.0,0.0,0.0,0.0,,,,,,,,,,,,,,,,,,,,,,,,,,,,,,,,,,,,,,,,,,,,,,,,,,,,,,,,,,,,
0.0,0.0,0.0,0.0,0.0,0.0,0.0,0.0,0.0,0.0,0.0,0.0,0.0,0.0,0.0,0.0,0.0,0.0,0.0,0.0,0.0,0.0,0.0,0.0,0.0,0.0,0.0,0.0,0.0,0.0,0.0,0.0,0.0,0.0,0.0,0.0,0.0,0.0,0.0,0.0,,,,,,,,,,,,,,,,,,,,,,,,,,,,,,,,,,,,,,,,,,,,,,,,,,,,,,,,,,,,
-1.2830516,0.0,1.5137904,0.0,0.0,-0.2220013290643692,8.46740436553955,-1.9882529973983765,1.0516095161437988,5.8359055519104,4.014863014221191,-2.9800729751586914,6.966270446777344,0.0,3.2291619777679443,0.0,0.6726216077804565,0.2331012338399887,0.09583575278520584,0.0,3.5481820106506348,0.0,0.0,3.002322196960449,0.0,-5.20489501953125,5.789908409118652,7.577262878417969,0.0,4.807960033416748,0.0,0.0,-1.6218818426132202,-3.769019603729248,-2.463813543319702,-4.769379138946533,0.0,-0.40507763624191284,0.0,0.0,,,,,,,,,,,,,,,,,,,,,,,,,,,,,,,,,,,,,,,,,,,,,,,,,,,,,,,,,,,,
0.0,0.0,0.0,0.0,0.0,0.0,0.0,0.0,0.0,0.0,0.0,0.0,0.0,0.0,0.0,0.0,0.0,0.0,0.0,0.0,0.0,0.0,0.0,0.0,0.0,0.0,0.0,0.0,0.0,0.0,0.0,0.0,0.0,0.0,0.0,0.0,0.0,0.0,0.0,0.0,,,,,,,,,,,,,,,,,,,,,,,,,,,,,,,,,,,,,,,,,,,,,,,,,,,,,,,,,,,,
-2.321819,0.0,2.7393653,0.0,0.0,-0.4017351269721985,15.322672843933105,-3.5979561805725098,1.9029998779296875,10.560694694519043,7.265323638916016,-5.392760753631592,12.606210708618164,0.0,5.843513488769531,0.0,1.2171807289123535,0.42182159423828125,0.17342503368854523,0.0,6.420814514160156,0.0,0.0,5.433022975921631,0.0,-9.418813705444336,10.477458000183105,13.711867332458496,0.0,8.700517654418945,0.0,0.0,-2.9349684715270996,-6.820443630218506,-4.458533763885498,-8.630702018737793,0.0,-0.7330312728881836,0.0,0.0,,,,,,,,,,,,,,,,,,,,,,,,,,,,,,,,,,,,,,,,,,,,,,,,,,,,,,,,,,,,
-0.23291223,0.0,0.2747982,0.0,0.0,-0.040299877524375916,1.5370869636535645,-0.3609273433685303,0.1908985674381256,1.0593913793563843,0.7288176417350769,-0.5409723520278931,1.264586329460144,0.0,0.5861894488334656,0.0,0.12210093438625336,0.04231484234333038,0.01739705353975296,0.0,0.6441011428833008,0.0,0.0,0.5450112223625183,0.0,-0.9448440670967102,1.0510414838790894,1.3754997253417969,0.0,0.8727884292602539,0.0,0.0,-0.2944200336933136,-0.6841897368431091,-0.44725582003593445,-0.8657849431037903,0.0,-0.07353370636701584,0.0,0.0,,,,,,,,,,,,,,,,,,,,,,,,,,,,,,,,,,,,,,,,,,,,,,,,,,,,,,,,,,,,
-0.3864657,0.0,0.4559661,0.0,0.0,-0.0668686255812645,2.5504517555236816,-0.5988781452178955,0.31675344705581665,1.7578227519989014,1.209309697151184,-0.8976224660873413,2.0982978343963623,0.0,0.9726501107215881,0.0,0.2025991529226303,0.07021200656890869,0.028866516426205635,0.0,1.0687415599822998,0.0,0.0,0.9043241143226624,0.0,-1.567757248878479,1.74396812915802,2.2823338508605957,0.0,1.4481970071792603,0.0,0.0,-0.4885241389274597,-1.135259747505188,-0.7421209216117859,-1.436576247215271,0.0,-0.12201271951198578,0.0,0.0,,,,,,,,,,,,,,,,,,,,,,,,,,,,,,,,,,,,,,,,,,,,,,,,,,,,,,,,,,,,
0.0,0.0,0.0,0.0,0.0,0.0,0.0,0.0,0.0,0.0,0.0,0.0,0.0,0.0,0.0,0.0,0.0,0.0,0.0,0.0,0.0,0.0,0.0,0.0,0.0,0.0,0.0,0.0,0.0,0.0,0.0,0.0,0.0,0.0,0.0,0.0,0.0,0.0,0.0,0.0,,,,,,,,,,,,,,,,,,,,,,,,,,,,,,,,,,,,,,,,,,,,,,,,,,,,,,,,,,,,
0.0,0.0,0.0,0.0,0.0,0.0,0.0,0.0,0.0,0.0,0.0,0.0,0.0,0.0,0.0,0.0,0.0,0.0,0.0,0.0,0.0,0.0,0.0,0.0,0.0,0.0,0.0,0.0,0.0,0.0,0.0,0.0,0.0,0.0,0.0,0.0,0.0,0.0,0.0,0.0,,,,,,,,,,,,,,,,,,,,,,,,,,,,,,,,,,,,,,,,,,,,,,,,,,,,,,,,,,,,
-2.5384812,0.0,2.994991,0.0,0.0,-0.4392233192920685,16.752517700195312,-3.933701992034912,2.0805795192718506,11.546173095703125,7.943292140960693,-5.895989894866943,13.782567977905273,0.0,6.388804912567139,0.0,1.3307627439498901,0.46118414402008057,0.18960830569267273,0.0,7.01997709274292,0.0,0.0,5.940009117126465,0.0,-10.297737121582031,11.455169677734375,14.991399765014648,0.0,9.512412071228027,0.0,0.0,-3.2088470458984375,-7.456898212432861,-4.874585151672363,-9.436081886291504,0.0,-0.8014346361160278,0.0,0.0,,,,,,,,,,,,,,,,,,,,,,,,,,,,,,,,,,,,,,,,,,,,,,,,,,,,,,,,,,,,
0.0,0.0,0.0,0.0,0.0,0.0,0.0,0.0,0.0,0.0,0.0,0.0,0.0,0.0,0.0,0.0,0.0,0.0,0.0,0.0,0.0,0.0,0.0,0.0,0.0,0.0,0.0,0.0,0.0,0.0,0.0,0.0,0.0,0.0,0.0,0.0,0.0,0.0,0.0,0.0,,,,,,,,,,,,,,,,,,,,,,,,,,,,,,,,,,,,,,,,,,,,,,,,,,,,,,,,,,,,
-2.309539,0.0,2.724877,0.0,0.0,-0.39961040019989014,15.241632461547852,-3.5789270401000977,1.892935037612915,10.504840850830078,7.226898193359375,-5.364238739013672,12.53953742980957,0.0,5.812607765197754,0.0,1.2107431888580322,0.41959062218666077,0.17250780761241913,0.0,6.386855602264404,0.0,0.0,5.404288291931152,0.0,-9.368998527526855,10.422043800354004,13.6393461227417,0.0,8.654500961303711,0.0,0.0,-2.919445753097534,-6.784371376037598,-4.434953212738037,-8.585054397583008,0.0,-0.7291543483734131,0.0,0.0,,,,,,,,,,,,,,,,,,,,,,,,,,,,,,,,,,,,,,,,,,,,,,,,,,,,,,,,,,,,
0.0,0.0,0.0,0.0,0.0,0.0,0.0,0.0,0.0,0.0,0.0,0.0,0.0,0.0,0.0,0.0,0.0,0.0,0.0,0.0,0.0,0.0,0.0,0.0,0.0,0.0,0.0,0.0,0.0,0.0,0.0,0.0,0.0,0.0,0.0,0.0,0.0,0.0,0.0,0.0,,,,,,,,,,,,,,,,,,,,,,,,,,,,,,,,,,,,,,,,,,,,,,,,,,,,,,,,,,,,
0.0,0.0,0.0,0.0,,,,,,,,,,,,,,,,,,,,,,,,,,,,,,,,,,,,,,,,,,,,,,,,,,,,,,,,,,,,,,,,,,,,,,,,,,,,,,,,,,,,,,,,,,,,,,,,
0.0,0.0,0.0,0.0,,,,,,,,,,,,,,,,,,,,,,,,,,,,,,,,,,,,,,,,,,,,,,,,,,,,,,,,,,,,,,,,,,,,,,,,,,,,,,,,,,,,,,,,,,,,,,,,
0.0,0.0,22.671133,-22.671133,,,,,,,,,,,,,,,,,,,,,,,,,,,,,,,,,,,,,,,,,,,,,,,,,,,,,,,,,,,,,,,,,,,,,,,,,,,,,,,,,,,,,,,,,,,,,,,,
0.0,0.0,0.0,0.0,,,,,,,,,,,,,,,,,,,,,,,,,,,,,,,,,,,,,,,,,,,,,,,,,,,,,,,,,,,,,,,,,,,,,,,,,,,,,,,,,,,,,,,,,,,,,,,,
0.0,0.0,17.95458,-17.95458,,,,,,,,,,,,,,,,,,,,,,,,,,,,,,,,,,,,,,,,,,,,,,,,,,,,,,,,,,,,,,,,,,,,,,,,,,,,,,,,,,,,,,,,,,,,,,,,
0.0,0.0,2.4004118,-2.4004118,,,,,,,,,,,,,,,,,,,,,,,,,,,,,,,,,,,,,,,,,,,,,,,,,,,,,,,,,,,,,,,,,,,,,,,,,,,,,,,,,,,,,,,,,,,,,,,,
0.0,0.0,12.308109,-12.308109,,,,,,,,,,,,,,,,,,,,,,,,,,,,,,,,,,,,,,,,,,,,,,,,,,,,,,,,,,,,,,,,,,,,,,,,,,,,,,,,,,,,,,,,,,,,,,,,
0.0,0.0,19.754944,-19.754944,,,,,,,,,,,,,,,,,,,,,,,,,,,,,,,,,,,,,,,,,,,,,,,,,,,,,,,,,,,,,,,,,,,,,,,,,,,,,,,,,,,,,,,,,,,,,,,,
0.0,0.0,0.0,0.0,,,,,,,,,,,,,,,,,,,,,,,,,,,,,,,,,,,,,,,,,,,,,,,,,,,,,,,,,,,,,,,,,,,,,,,,,,,,,,,,,,,,,,,,,,,,,,,,
0.0,0.0,0.0,0.0,,,,,,,,,,,,,,,,,,,,,,,,,,,,,,,,,,,,,,,,,,,,,,,,,,,,,,,,,,,,,,,,,,,,,,,,,,,,,,,,,,,,,,,,,,,,,,,,
0.0,0.0,17.5084,-17.5084,,,,,,,,,,,,,,,,,,,,,,,,,,,,,,,,,,,,,,,,,,,,,,,,,,,,,,,,,,,,,,,,,,,,,,,,,,,,,,,,,,,,,,,,,,,,,,,,
0.0,0.0,0.0,0.0,,,,,,,,,,,,,,,,,,,,,,,,,,,,,,,,,,,,,,,,,,,,,,,,,,,,,,,,,,,,,,,,,,,,,,,,,,,,,,,,,,,,,,,,,,,,,,,,
0.0,0.0,40.050423,-40.050423,,,,,,,,,,,,,,,,,,,,,,,,,,,,,,,,,,,,,,,,,,,,,,,,,,,,,,,,,,,,,,,,,,,,,,,,,,,,,,,,,,,,,,,,,,,,,,,,
0.0,0.0,29.160652,-29.160652,,,,,,,,,,,,,,,,,,,,,,,,,,,,,,,,,,,,,,,,,,,,,,,,,,,,,,,,,,,,,,,,,,,,,,,,,,,,,,,,,,,,,,,,,,,,,,,,
0.0,0.0,21.197317,-21.197317,,,,,,,,,,,,,,,,,,,,,,,,,,,,,,,,,,,,,,,,,,,,,,,,,,,,,,,,,,,,,,,,,,,,,,,,,,,,,,,,,,,,,,,,,,,,,,,,
0.0,0.0,0.0,0.0,,,,,,,,,,,,,,,,,,,,,,,,,,,,,,,,,,,,,,,,,,,,,,,,,,,,,,,,,,,,,,,,,,,,,,,,,,,,,,,,,,,,,,,,,,,,,,,,
0.0,0.0,19.493435,-19.493435,,,,,,,,,,,,,,,,,,,,,,,,,,,,,,,,,,,,,,,,,,,,,,,,,,,,,,,,,,,,,,,,,,,,,,,,,,,,,,,,,,,,,,,,,,,,,,,,
0.0,0.0,0.0,0.0,,,,,,,,,,,,,,,,,,,,,,,,,,,,,,,,,,,,,,,,,,,,,,,,,,,,,,,,,,,,,,,,,,,,,,,,,,,,,,,,,,,,,,,,,,,,,,,,
0.0,0.0,0.0,0.0,,,,,,,,,,,,,,,,,,,,,,,,,,,,,,,,,,,,,,,,,,,,,,,,,,,,,,,,,,,,,,,,,,,,,,,,,,,,,,,,,,,,,,,,,,,,,,,,
0.0,0.0,36.190296,-36.190296,,,,,,,,,,,,,,,,,,,,,,,,,,,,,,,,,,,,,,,,,,,,,,,,,,,,,,,,,,,,,,,,,,,,,,,,,,,,,,,,,,,,,,,,,,,,,,,,
0.0,0.0,0.0,0.0,,,,,,,,,,,,,,,,,,,,,,,,,,,,,,,,,,,,,,,,,,,,,,,,,,,,,,,,,,,,,,,,,,,,,,,,,,,,,,,,,,,,,,,,,,,,,,,,
0.0,0.0,17.51129,-17.51129,,,,,,,,,,,,,,,,,,,,,,,,,,,,,,,,,,,,,,,,,,,,,,,,,,,,,,,,,,,,,,,,,,,,,,,,,,,,,,,,,,,,,,,,,,,,,,,,
0.0,0.0,41.362995,-41.362995,,,,,,,,,,,,,,,,,,,,,,,,,,,,,,,,,,,,,,,,,,,,,,,,,,,,,,,,,,,,,,,,,,,,,,,,,,,,,,,,,,,,,,,,,,,,,,,,
0.0,0.0,4.5943832,-4.5943832,,,,,,,,,,,,,,,,,,,,,,,,,,,,,,,,,,,,,,,,,,,,,,,,,,,,,,,,,,,,,,,,,,,,,,,,,,,,,,,,,,,,,,,,,,,,,,,,
0.0,0.0,0.0,0.0,,,,,,,,,,,,,,,,,,,,,,,,,,,,,,,,,,,,,,,,,,,,,,,,,,,,,,,,,,,,,,,,,,,,,,,,,,,,,,,,,,,,,,,,,,,,,,,,
0.0,0.0,5.7341833,-5.7341833,,,,,,,,,,,,,,,,,,,,,,,,,,,,,,,,,,,,,,,,,,,,,,,,,,,,,,,,,,,,,,,,,,,,,,,,,,,,,,,,,,,,,,,,,,,,,,,,
0.0,0.0,0.0,0.0,,,,,,,,,,,,,,,,,,,,,,,,,,,,,,,,,,,,,,,,,,,,,,,,,,,,,,,,,,,,,,,,,,,,,,,,,,,,,,,,,,,,,,,,,,,,,,,,
0.0,0.0,3.8816016,-3.8816016,,,,,,,,,,,,,,,,,,,,,,,,,,,,,,,,,,,,,,,,,,,,,,,,,,,,,,,,,,,,,,,,,,,,,,,,,,,,,,,,,,,,,,,,,,,,,,,,
0.0,0.0,57.71453,-57.71453,,,,,,,,,,,,,,,,,,,,,,,,,,,,,,,,,,,,,,,,,,,,,,,,,,,,,,,,,,,,,,,,,,,,,,,,,,,,,,,,,,,,,,,,,,,,,,,,
0.0,0.0,32.953403,-32.953403,,,,,,,,,,,,,,,,,,,,,,,,,,,,,,,,,,,,,,,,,,,,,,,,,,,,,,,,,,,,,,,,,,,,,,,,,,,,,,,,,,,,,,,,,,,,,,,,
0.0,0.0,12.956019,-12.956019,,,,,,,,,,,,,,,,,,,,,,,,,,,,,,,,,,,,,,,,,,,,,,,,,,,,,,,,,,,,,,,,,,,,,,,,,,,,,,,,,,,,,,,,,,,,,,,,
0.0,0.0,0.96590817,-0.96590817,,,,,,,,,,,,,,,,,,,,,,,,,,,,,,,,,,,,,,,,,,,,,,,,,,,,,,,,,,,,,,,,,,,,,,,,,,,,,,,,,,,,,,,,,,,,,,,,
0.0,0.0,14.588455,-14.588455,,,,,,,,,,,,,,,,,,,,,,,,,,,,,,,,,,,,,,,,,,,,,,,,,,,,,,,,,,,,,,,,,,,,,,,,,,,,,,,,,,,,,,,,,,,,,,,,
0.0,0.0,0.5414607,-0.5414607,,,,,,,,,,,,,,,,,,,,,,,,,,,,,,,,,,,,,,,,,,,,,,,,,,,,,,,,,,,,,,,,,,,,,,,,,,,,,,,,,,,,,,,,,,,,,,,,
0.0,0.0,2.6145859,-2.6145859,,,,,,,,,,,,,,,,,,,,,,,,,,,,,,,,,,,,,,,,,,,,,,,,,,,,,,,,,,,,,,,,,,,,,,,,,,,,,,,,,,,,,,,,,,,,,,,,
0.0,0.0,0.0,0.0,,,,,,,,,,,,,,,,,,,,,,,,,,,,,,,,,,,,,,,,,,,,,,,,,,,,,,,,,,,,,,,,,,,,,,,,,,,,,,,,,,,,,,,,,,,,,,,,
0.0,0.0,0.0,0.0,,,,,,,,,,,,,,,,,,,,,,,,,,,,,,,,,,,,,,,,,,,,,,,,,,,,,,,,,,,,,,,,,,,,,,,,,,,,,,,,,,,,,,,,,,,,,,,,
0.0,0.0,51.398563,-51.398563,,,,,,,,,,,,,,,,,,,,,,,,,,,,,,,,,,,,,,,,,,,,,,,,,,,,,,,,,,,,,,,,,,,,,,,,,,,,,,,,,,,,,,,,,,,,,,,,
0.0,0.0,0.0,0.0,,,,,,,,,,,,,,,,,,,,,,,,,,,,,,,,,,,,,,,,,,,,,,,,,,,,,,,,,,,,,,,,,,,,,,,,,,,,,,,,,,,,,,,,,,,,,,,,
0.0,0.0,40.288425,-40.288425,,,,,,,,,,,,,,,,,,,,,,,,,,,,,,,,,,,,,,,,,,,,,,,,,,,,,,,,,,,,,,,,,,,,,,,,,,,,,,,,,,,,,,,,,,,,,,,,
